epi_week,state,loc,loc_type,disease,cases,incidence_per_100000
196816,AK,ALASKA,STATE,MUMPS,2,0.7
196836,AK,ALASKA,STATE,MUMPS,2,0.7
196928,AK,ALASKA,STATE,MUMPS,2,0.68
196929,AK,ALASKA,STATE,MUMPS,2,0.68
197031,AK,ALASKA,STATE,MUMPS,2,0.63
197047,AK,ALASKA,STATE,MUMPS,2,0.63
197050,AK,ALASKA,STATE,MUMPS,2,0.63
197116,AK,ALASKA,STATE,MUMPS,2,0.62
197120,AK,ALASKA,STATE,MUMPS,2,0.62
197121,AK,ALASKA,STATE,MUMPS,2,0.62
197125,AK,ALASKA,STATE,MUMPS,2,0.62
197127,AK,ALASKA,STATE,MUMPS,2,0.62
197138,AK,ALASKA,STATE,MUMPS,2,0.62
197140,AK,ALASKA,STATE,MUMPS,2,0.62
197208,AK,ALASKA,STATE,MUMPS,2,0.61
197221,AK,ALASKA,STATE,MUMPS,2,0.61
197231,AK,ALASKA,STATE,MUMPS,2,0.61
197336,AK,ALASKA,STATE,MUMPS,2,0.59
197409,AK,ALASKA,STATE,MUMPS,2,0.53
197412,AK,ALASKA,STATE,MUMPS,2,0.53
197414,AK,ALASKA,STATE,MUMPS,2,0.53
197420,AK,ALASKA,STATE,MUMPS,2,0.53
197426,AK,ALASKA,STATE,MUMPS,2,0.53
197436,AK,ALASKA,STATE,MUMPS,2,0.53
197440,AK,ALASKA,STATE,MUMPS,2,0.53
197451,AK,ALASKA,STATE,MUMPS,2,0.53
197502,AK,ALASKA,STATE,MUMPS,2,0.5
197503,AK,ALASKA,STATE,MUMPS,2,0.5
197512,AK,ALASKA,STATE,MUMPS,2,0.5
197517,AK,ALASKA,STATE,MUMPS,2,0.5
197533,AK,ALASKA,STATE,MUMPS,2,0.5
197540,AK,ALASKA,STATE,MUMPS,2,0.5
197543,AK,ALASKA,STATE,MUMPS,2,0.5
197610,AK,ALASKA,STATE,MUMPS,2,0.5
197618,AK,ALASKA,STATE,MUMPS,2,0.5
197711,AK,ALASKA,STATE,MUMPS,2,0.49
197738,AK,ALASKA,STATE,MUMPS,2,0.49
197740,AK,ALASKA,STATE,MUMPS,2,0.49
197805,AK,ALASKA,STATE,MUMPS,2,0.5
197942,AK,ALASKA,STATE,MUMPS,2,0.5
197951,AK,ALASKA,STATE,MUMPS,2,0.5
198010,AK,ALASKA,STATE,MUMPS,2,0.48
198111,AK,ALASKA,STATE,MUMPS,2,0.44
198144,AK,ALASKA,STATE,MUMPS,2,0.44
198208,AK,ALASKA,STATE,MUMPS,2,0.41
198209,AK,ALASKA,STATE,MUMPS,2,0.41
198331,AK,ALASKA,STATE,MUMPS,2,0.39
198403,AK,ALASKA,STATE,MUMPS,2,0.38
198442,AK,ALASKA,STATE,MUMPS,2,0.38
198533,AK,ALASKA,STATE,MUMPS,2,0.37
198616,AK,ALASKA,STATE,MUMPS,2,0.37
198640,AK,ALASKA,STATE,MUMPS,2,0.37
198648,AK,ALASKA,STATE,MUMPS,2,0.37
198710,AK,ALASKA,STATE,MUMPS,2,0.37
198720,AK,ALASKA,STATE,MUMPS,2,0.37
198814,AK,ALASKA,STATE,MUMPS,2,0.37
198840,AK,ALASKA,STATE,MUMPS,2,0.37
199052,AK,ALASKA,STATE,MUMPS,2,0.36
199126,AK,ALASKA,STATE,MUMPS,2,0.35
199242,AK,ALASKA,STATE,MUMPS,2,0.34
199314,AK,ALASKA,STATE,MUMPS,2,0.33
199334,AK,ALASKA,STATE,MUMPS,2,0.33
199511,AK,ALASKA,STATE,MUMPS,2,0.33
199515,AK,ALASKA,STATE,MUMPS,2,0.33
199803,AK,ALASKA,STATE,MUMPS,2,0.32
200015,AK,ALASKA,STATE,MUMPS,2,0.32
200025,AK,ALASKA,STATE,MUMPS,2,0.32
196834,AK,ALASKA,STATE,MUMPS,3,1.05
196842,AK,ALASKA,STATE,MUMPS,3,1.05
196905,AK,ALASKA,STATE,MUMPS,3,1.01
196910,AK,ALASKA,STATE,MUMPS,3,1.01
196930,AK,ALASKA,STATE,MUMPS,3,1.01
197001,AK,ALASKA,STATE,MUMPS,3,0.95
197025,AK,ALASKA,STATE,MUMPS,3,0.95
197105,AK,ALASKA,STATE,MUMPS,3,0.92
197113,AK,ALASKA,STATE,MUMPS,3,0.92
197124,AK,ALASKA,STATE,MUMPS,3,0.92
197133,AK,ALASKA,STATE,MUMPS,3,0.92
197144,AK,ALASKA,STATE,MUMPS,3,0.92
197209,AK,ALASKA,STATE,MUMPS,3,0.91
197327,AK,ALASKA,STATE,MUMPS,3,0.88
197331,AK,ALASKA,STATE,MUMPS,3,0.88
197339,AK,ALASKA,STATE,MUMPS,3,0.88
197351,AK,ALASKA,STATE,MUMPS,3,0.88
197352,AK,ALASKA,STATE,MUMPS,3,0.88
197413,AK,ALASKA,STATE,MUMPS,3,0.8
197506,AK,ALASKA,STATE,MUMPS,3,0.75
197551,AK,ALASKA,STATE,MUMPS,3,0.75
197608,AK,ALASKA,STATE,MUMPS,3,0.74
197611,AK,ALASKA,STATE,MUMPS,3,0.74
197643,AK,ALASKA,STATE,MUMPS,3,0.74
197702,AK,ALASKA,STATE,MUMPS,3,0.74
197750,AK,ALASKA,STATE,MUMPS,3,0.74
197918,AK,ALASKA,STATE,MUMPS,3,0.75
198137,AK,ALASKA,STATE,MUMPS,3,0.67
198250,AK,ALASKA,STATE,MUMPS,3,0.61
199118,AK,ALASKA,STATE,MUMPS,3,0.53
199147,AK,ALASKA,STATE,MUMPS,3,0.53
196828,AK,ALASKA,STATE,MUMPS,4,1.4
196831,AK,ALASKA,STATE,MUMPS,4,1.4
196909,AK,ALASKA,STATE,MUMPS,4,1.35
196920,AK,ALASKA,STATE,MUMPS,4,1.35
196927,AK,ALASKA,STATE,MUMPS,4,1.35
196932,AK,ALASKA,STATE,MUMPS,4,1.35
196941,AK,ALASKA,STATE,MUMPS,4,1.35
196943,AK,ALASKA,STATE,MUMPS,4,1.35
197013,AK,ALASKA,STATE,MUMPS,4,1.27
197026,AK,ALASKA,STATE,MUMPS,4,1.27
197114,AK,ALASKA,STATE,MUMPS,4,1.23
197115,AK,ALASKA,STATE,MUMPS,4,1.23
197142,AK,ALASKA,STATE,MUMPS,4,1.23
197150,AK,ALASKA,STATE,MUMPS,4,1.23
197332,AK,ALASKA,STATE,MUMPS,4,1.17
197335,AK,ALASKA,STATE,MUMPS,4,1.17
197418,AK,ALASKA,STATE,MUMPS,4,1.06
197437,AK,ALASKA,STATE,MUMPS,4,1.06
197609,AK,ALASKA,STATE,MUMPS,4,0.99
197647,AK,ALASKA,STATE,MUMPS,4,0.99
197651,AK,ALASKA,STATE,MUMPS,4,0.99
197710,AK,ALASKA,STATE,MUMPS,4,0.99
197907,AK,ALASKA,STATE,MUMPS,4,1.0
198142,AK,ALASKA,STATE,MUMPS,4,0.89
198303,AK,ALASKA,STATE,MUMPS,4,0.78
198443,AK,ALASKA,STATE,MUMPS,4,0.75
199531,AK,ALASKA,STATE,MUMPS,4,0.66
196825,AK,ALASKA,STATE,MUMPS,5,1.75
196833,AK,ALASKA,STATE,MUMPS,5,1.75
196838,AK,ALASKA,STATE,MUMPS,5,1.75
196841,AK,ALASKA,STATE,MUMPS,5,1.75
196933,AK,ALASKA,STATE,MUMPS,5,1.69
196940,AK,ALASKA,STATE,MUMPS,5,1.69
197103,AK,ALASKA,STATE,MUMPS,5,1.54
197107,AK,ALASKA,STATE,MUMPS,5,1.54
197146,AK,ALASKA,STATE,MUMPS,5,1.54
197149,AK,ALASKA,STATE,MUMPS,5,1.54
197152,AK,ALASKA,STATE,MUMPS,5,1.54
197204,AK,ALASKA,STATE,MUMPS,5,1.51
197215,AK,ALASKA,STATE,MUMPS,5,1.51
197239,AK,ALASKA,STATE,MUMPS,5,1.51
197245,AK,ALASKA,STATE,MUMPS,5,1.51
197321,AK,ALASKA,STATE,MUMPS,5,1.47
197404,AK,ALASKA,STATE,MUMPS,5,1.33
197411,AK,ALASKA,STATE,MUMPS,5,1.33
197421,AK,ALASKA,STATE,MUMPS,5,1.33
197435,AK,ALASKA,STATE,MUMPS,5,1.33
197522,AK,ALASKA,STATE,MUMPS,5,1.25
196805,AK,ALASKA,STATE,MUMPS,6,2.11
196811,AK,ALASKA,STATE,MUMPS,6,2.11
196819,AK,ALASKA,STATE,MUMPS,6,2.11
196835,AK,ALASKA,STATE,MUMPS,6,2.11
197041,AK,ALASKA,STATE,MUMPS,6,1.9
197111,AK,ALASKA,STATE,MUMPS,6,1.85
197118,AK,ALASKA,STATE,MUMPS,6,1.85
197201,AK,ALASKA,STATE,MUMPS,6,1.82
197244,AK,ALASKA,STATE,MUMPS,6,1.82
197328,AK,ALASKA,STATE,MUMPS,6,1.76
197704,AK,ALASKA,STATE,MUMPS,6,1.48
198021,AK,ALASKA,STATE,MUMPS,6,1.43
196801,AK,ALASKA,STATE,MUMPS,7,2.46
196802,AK,ALASKA,STATE,MUMPS,7,2.46
196817,AK,ALASKA,STATE,MUMPS,7,2.46
196925,AK,ALASKA,STATE,MUMPS,7,2.36
196938,AK,ALASKA,STATE,MUMPS,7,2.36
197023,AK,ALASKA,STATE,MUMPS,7,2.22
197029,AK,ALASKA,STATE,MUMPS,7,2.22
197304,AK,ALASKA,STATE,MUMPS,7,2.05
197410,AK,ALASKA,STATE,MUMPS,7,1.86
197419,AK,ALASKA,STATE,MUMPS,7,1.86
197720,AK,ALASKA,STATE,MUMPS,7,1.73
196809,AK,ALASKA,STATE,MUMPS,8,2.81
196840,AK,ALASKA,STATE,MUMPS,8,2.81
196942,AK,ALASKA,STATE,MUMPS,8,2.7
197011,AK,ALASKA,STATE,MUMPS,8,2.54
197106,AK,ALASKA,STATE,MUMPS,8,2.47
197243,AK,ALASKA,STATE,MUMPS,8,2.42
197252,AK,ALASKA,STATE,MUMPS,8,2.42
197314,AK,ALASKA,STATE,MUMPS,8,2.35
197334,AK,ALASKA,STATE,MUMPS,8,2.35
197346,AK,ALASKA,STATE,MUMPS,8,2.35
197403,AK,ALASKA,STATE,MUMPS,8,2.13
197408,AK,ALASKA,STATE,MUMPS,8,2.13
196803,AK,ALASKA,STATE,MUMPS,9,3.16
196820,AK,ALASKA,STATE,MUMPS,9,3.16
196824,AK,ALASKA,STATE,MUMPS,9,3.16
196827,AK,ALASKA,STATE,MUMPS,9,3.16
196839,AK,ALASKA,STATE,MUMPS,9,3.16
197014,AK,ALASKA,STATE,MUMPS,9,2.85
197016,AK,ALASKA,STATE,MUMPS,9,2.85
197210,AK,ALASKA,STATE,MUMPS,9,2.72
197401,AK,ALASKA,STATE,MUMPS,9,2.39
196818,AK,ALASKA,STATE,MUMPS,10,3.51
196832,AK,ALASKA,STATE,MUMPS,10,3.51
196913,AK,ALASKA,STATE,MUMPS,10,3.38
197250,AK,ALASKA,STATE,MUMPS,10,3.03
197323,AK,ALASKA,STATE,MUMPS,10,2.93
197342,AK,ALASKA,STATE,MUMPS,10,2.93
197402,AK,ALASKA,STATE,MUMPS,10,2.66
197422,AK,ALASKA,STATE,MUMPS,10,2.66
196829,AK,ALASKA,STATE,MUMPS,11,3.86
196844,AK,ALASKA,STATE,MUMPS,11,3.86
196848,AK,ALASKA,STATE,MUMPS,11,3.86
196850,AK,ALASKA,STATE,MUMPS,11,3.86
196915,AK,ALASKA,STATE,MUMPS,11,3.72
196952,AK,ALASKA,STATE,MUMPS,11,3.72
197308,AK,ALASKA,STATE,MUMPS,11,3.23
197350,AK,ALASKA,STATE,MUMPS,11,3.23
196837,AK,ALASKA,STATE,MUMPS,12,4.21
196926,AK,ALASKA,STATE,MUMPS,12,4.05
197003,AK,ALASKA,STATE,MUMPS,12,3.8
197021,AK,ALASKA,STATE,MUMPS,12,3.8
197205,AK,ALASKA,STATE,MUMPS,12,3.63
197207,AK,ALASKA,STATE,MUMPS,12,3.63
197301,AK,ALASKA,STATE,MUMPS,12,3.52
197307,AK,ALASKA,STATE,MUMPS,12,3.52
197309,AK,ALASKA,STATE,MUMPS,12,3.52
196821,AK,ALASKA,STATE,MUMPS,13,4.56
196823,AK,ALASKA,STATE,MUMPS,13,4.56
196851,AK,ALASKA,STATE,MUMPS,13,4.56
197018,AK,ALASKA,STATE,MUMPS,13,4.12
197019,AK,ALASKA,STATE,MUMPS,13,4.12
197337,AK,ALASKA,STATE,MUMPS,13,3.81
196847,AK,ALASKA,STATE,MUMPS,14,4.91
197015,AK,ALASKA,STATE,MUMPS,14,4.44
197211,AK,ALASKA,STATE,MUMPS,15,4.54
197322,AK,ALASKA,STATE,MUMPS,15,4.4
196810,AK,ALASKA,STATE,MUMPS,16,5.61
196822,AK,ALASKA,STATE,MUMPS,16,5.61
196826,AK,ALASKA,STATE,MUMPS,16,5.61
196846,AK,ALASKA,STATE,MUMPS,16,5.61
196939,AK,ALASKA,STATE,MUMPS,16,5.41
197009,AK,ALASKA,STATE,MUMPS,16,5.07
197347,AK,ALASKA,STATE,MUMPS,17,4.98
196806,AK,ALASKA,STATE,MUMPS,18,6.32
197213,AK,ALASKA,STATE,MUMPS,18,5.45
196830,AK,ALASKA,STATE,MUMPS,19,6.67
197302,AK,ALASKA,STATE,MUMPS,19,5.57
197305,AK,ALASKA,STATE,MUMPS,19,5.57
197317,AK,ALASKA,STATE,MUMPS,19,5.57
197514,AK,ALASKA,STATE,MUMPS,19,4.74
197340,AK,ALASKA,STATE,MUMPS,20,5.86
197348,AK,ALASKA,STATE,MUMPS,20,5.86
197005,AK,ALASKA,STATE,MUMPS,21,6.66
196852,AK,ALASKA,STATE,MUMPS,22,7.72
196947,AK,ALASKA,STATE,MUMPS,22,7.43
197345,AK,ALASKA,STATE,MUMPS,22,6.45
196904,AK,ALASKA,STATE,MUMPS,23,7.77
197247,AK,ALASKA,STATE,MUMPS,23,6.96
197316,AK,ALASKA,STATE,MUMPS,23,6.74
197318,AK,ALASKA,STATE,MUMPS,23,6.74
197319,AK,ALASKA,STATE,MUMPS,23,6.74
197017,AK,ALASKA,STATE,MUMPS,24,7.61
197246,AK,ALASKA,STATE,MUMPS,24,7.26
196808,AK,ALASKA,STATE,MUMPS,25,8.77
197325,AK,ALASKA,STATE,MUMPS,25,7.33
197326,AK,ALASKA,STATE,MUMPS,26,7.62
196807,AK,ALASKA,STATE,MUMPS,27,9.47
196843,AK,ALASKA,STATE,MUMPS,27,9.47
196948,AK,ALASKA,STATE,MUMPS,27,9.12
197312,AK,ALASKA,STATE,MUMPS,27,7.92
196949,AK,ALASKA,STATE,MUMPS,28,9.46
196950,AK,ALASKA,STATE,MUMPS,29,9.8
197249,AK,ALASKA,STATE,MUMPS,29,8.77
196804,AK,ALASKA,STATE,MUMPS,30,10.53
196814,AK,ALASKA,STATE,MUMPS,30,10.53
196845,AK,ALASKA,STATE,MUMPS,30,10.53
197022,AK,ALASKA,STATE,MUMPS,30,9.51
197010,AK,ALASKA,STATE,MUMPS,31,9.83
197311,AK,ALASKA,STATE,MUMPS,31,9.09
197004,AK,ALASKA,STATE,MUMPS,32,10.14
197313,AK,ALASKA,STATE,MUMPS,32,9.38
197324,AK,ALASKA,STATE,MUMPS,32,9.38
197341,AK,ALASKA,STATE,MUMPS,32,9.38
196813,AK,ALASKA,STATE,MUMPS,33,11.58
197303,AK,ALASKA,STATE,MUMPS,33,9.68
197444,AK,ALASKA,STATE,MUMPS,34,9.04
196815,AK,ALASKA,STATE,MUMPS,35,12.28
197251,AK,ALASKA,STATE,MUMPS,37,11.19
197344,AK,ALASKA,STATE,MUMPS,37,10.85
196902,AK,ALASKA,STATE,MUMPS,38,12.84
196944,AK,ALASKA,STATE,MUMPS,38,12.84
197315,AK,ALASKA,STATE,MUMPS,38,11.14
196812,AK,ALASKA,STATE,MUMPS,39,13.68
197349,AK,ALASKA,STATE,MUMPS,39,11.43
196906,AK,ALASKA,STATE,MUMPS,42,14.19
196849,AK,ALASKA,STATE,MUMPS,46,16.139999
196917,AK,ALASKA,STATE,MUMPS,51,17.23
196908,AK,ALASKA,STATE,MUMPS,59,19.93
197310,AK,ALASKA,STATE,MUMPS,60,17.59
196922,AK,ALASKA,STATE,MUMPS,71,23.99
196951,AK,ALASKA,STATE,MUMPS,78,26.35
197320,AK,ALASKA,STATE,MUMPS,82,24.040001
196912,AK,ALASKA,STATE,MUMPS,90,30.41
196945,AK,ALASKA,STATE,MUMPS,90,30.41
196921,AK,ALASKA,STATE,MUMPS,100,33.779999
195045,AK,ALASKA,STATE,POLIO,2,1.48
195046,AK,ALASKA,STATE,POLIO,2,1.48
195049,AK,ALASKA,STATE,POLIO,2,1.48
195102,AK,ALASKA,STATE,POLIO,2,1.27
195139,AK,ALASKA,STATE,POLIO,2,1.27
195409,AK,ALASKA,STATE,POLIO,2,0.93
195411,AK,ALASKA,STATE,POLIO,2,0.93
195425,AK,ALASKA,STATE,POLIO,2,0.93
195426,AK,ALASKA,STATE,POLIO,2,0.93
195510,AK,ALASKA,STATE,POLIO,2,0.9
195530,AK,ALASKA,STATE,POLIO,2,0.9
195531,AK,ALASKA,STATE,POLIO,2,0.9
195532,AK,ALASKA,STATE,POLIO,2,0.9
195536,AK,ALASKA,STATE,POLIO,2,0.9
195541,AK,ALASKA,STATE,POLIO,2,0.9
195545,AK,ALASKA,STATE,POLIO,2,0.9
195620,AK,ALASKA,STATE,POLIO,2,0.89
195934,AK,ALASKA,STATE,POLIO,2,0.89
195947,AK,ALASKA,STATE,POLIO,2,0.89
195038,AK,ALASKA,STATE,POLIO,3,2.22
195044,AK,ALASKA,STATE,POLIO,3,2.22
195105,AK,ALASKA,STATE,POLIO,3,1.9
195111,AK,ALASKA,STATE,POLIO,3,1.9
195412,AK,ALASKA,STATE,POLIO,3,1.4
195417,AK,ALASKA,STATE,POLIO,3,1.4
195423,AK,ALASKA,STATE,POLIO,3,1.4
195446,AK,ALASKA,STATE,POLIO,3,1.4
195539,AK,ALASKA,STATE,POLIO,3,1.35
195542,AK,ALASKA,STATE,POLIO,3,1.35
195043,AK,ALASKA,STATE,POLIO,4,2.96
195051,AK,ALASKA,STATE,POLIO,4,2.96
195129,AK,ALASKA,STATE,POLIO,4,2.53
195135,AK,ALASKA,STATE,POLIO,4,2.53
195140,AK,ALASKA,STATE,POLIO,4,2.53
195424,AK,ALASKA,STATE,POLIO,4,1.86
195448,AK,ALASKA,STATE,POLIO,4,1.86
195537,AK,ALASKA,STATE,POLIO,4,1.8
195042,AK,ALASKA,STATE,POLIO,5,3.7
195138,AK,ALASKA,STATE,POLIO,5,3.16
195441,AK,ALASKA,STATE,POLIO,5,2.33
195540,AK,ALASKA,STATE,POLIO,5,2.25
195930,AK,ALASKA,STATE,POLIO,5,2.23
195403,AK,ALASKA,STATE,POLIO,6,2.79
195428,AK,ALASKA,STATE,POLIO,6,2.79
195607,AK,ALASKA,STATE,POLIO,6,2.68
195946,AK,ALASKA,STATE,POLIO,6,2.68
195440,AK,ALASKA,STATE,POLIO,7,3.26
195444,AK,ALASKA,STATE,POLIO,7,3.26
195533,AK,ALASKA,STATE,POLIO,8,3.6
195534,AK,ALASKA,STATE,POLIO,8,3.6
195041,AK,ALASKA,STATE,POLIO,9,6.67
195050,AK,ALASKA,STATE,POLIO,9,6.67
195405,AK,ALASKA,STATE,POLIO,9,4.19
195427,AK,ALASKA,STATE,POLIO,9,4.19
195439,AK,ALASKA,STATE,POLIO,9,4.19
195449,AK,ALASKA,STATE,POLIO,9,4.19
195442,AK,ALASKA,STATE,POLIO,10,4.65
195434,AK,ALASKA,STATE,POLIO,11,5.12
195436,AK,ALASKA,STATE,POLIO,11,5.12
195429,AK,ALASKA,STATE,POLIO,13,6.05
195402,AK,ALASKA,STATE,POLIO,15,6.98
195430,AK,ALASKA,STATE,POLIO,15,6.98
195040,AK,ALASKA,STATE,POLIO,16,11.85
195438,AK,ALASKA,STATE,POLIO,16,7.44
195435,AK,ALASKA,STATE,POLIO,17,7.91
195443,AK,ALASKA,STATE,POLIO,17,7.91
195431,AK,ALASKA,STATE,POLIO,18,8.37
195433,AK,ALASKA,STATE,POLIO,19,8.84
195437,AK,ALASKA,STATE,POLIO,22,10.23
195445,AK,ALASKA,STATE,POLIO,22,10.23
195432,AK,ALASKA,STATE,POLIO,24,11.16
195434,AK,ALASKA,STATE,MEASLES,2,0.93
195446,AK,ALASKA,STATE,MEASLES,2,0.93
195450,AK,ALASKA,STATE,MEASLES,2,0.93
195451,AK,ALASKA,STATE,MEASLES,2,0.93
195501,AK,ALASKA,STATE,MEASLES,2,0.9
195505,AK,ALASKA,STATE,MEASLES,2,0.9
195509,AK,ALASKA,STATE,MEASLES,2,0.9
195517,AK,ALASKA,STATE,MEASLES,2,0.9
195531,AK,ALASKA,STATE,MEASLES,2,0.9
195532,AK,ALASKA,STATE,MEASLES,2,0.9
195534,AK,ALASKA,STATE,MEASLES,2,0.9
195536,AK,ALASKA,STATE,MEASLES,2,0.9
195537,AK,ALASKA,STATE,MEASLES,2,0.9
195538,AK,ALASKA,STATE,MEASLES,2,0.9
195542,AK,ALASKA,STATE,MEASLES,2,0.9
195738,AK,ALASKA,STATE,MEASLES,2,0.87
195814,AK,ALASKA,STATE,MEASLES,2,0.89
195914,AK,ALASKA,STATE,MEASLES,2,0.89
195926,AK,ALASKA,STATE,MEASLES,2,0.89
196049,AK,ALASKA,STATE,MEASLES,2,0.87
196107,AK,ALASKA,STATE,MEASLES,2,0.84
196108,AK,ALASKA,STATE,MEASLES,2,0.84
196109,AK,ALASKA,STATE,MEASLES,2,0.84
196224,AK,ALASKA,STATE,MEASLES,2,0.81
196248,AK,ALASKA,STATE,MEASLES,2,0.81
196425,AK,ALASKA,STATE,MEASLES,2,0.76
196432,AK,ALASKA,STATE,MEASLES,2,0.76
196433,AK,ALASKA,STATE,MEASLES,2,0.76
196446,AK,ALASKA,STATE,MEASLES,2,0.76
196501,AK,ALASKA,STATE,MEASLES,2,0.74
196521,AK,ALASKA,STATE,MEASLES,2,0.74
196525,AK,ALASKA,STATE,MEASLES,2,0.74
196544,AK,ALASKA,STATE,MEASLES,2,0.74
196549,AK,ALASKA,STATE,MEASLES,2,0.74
196550,AK,ALASKA,STATE,MEASLES,2,0.74
196611,AK,ALASKA,STATE,MEASLES,2,0.74
196613,AK,ALASKA,STATE,MEASLES,2,0.74
196626,AK,ALASKA,STATE,MEASLES,2,0.74
196705,AK,ALASKA,STATE,MEASLES,2,0.72
196723,AK,ALASKA,STATE,MEASLES,2,0.72
196724,AK,ALASKA,STATE,MEASLES,2,0.72
196725,AK,ALASKA,STATE,MEASLES,2,0.72
196728,AK,ALASKA,STATE,MEASLES,2,0.72
196729,AK,ALASKA,STATE,MEASLES,2,0.72
196731,AK,ALASKA,STATE,MEASLES,2,0.72
196737,AK,ALASKA,STATE,MEASLES,2,0.72
196905,AK,ALASKA,STATE,MEASLES,2,0.68
197028,AK,ALASKA,STATE,MEASLES,2,0.63
197121,AK,ALASKA,STATE,MEASLES,2,0.62
197208,AK,ALASKA,STATE,MEASLES,2,0.61
197647,AK,ALASKA,STATE,MEASLES,2,0.5
197728,AK,ALASKA,STATE,MEASLES,2,0.49
197738,AK,ALASKA,STATE,MEASLES,2,0.49
198010,AK,ALASKA,STATE,MEASLES,2,0.48
198020,AK,ALASKA,STATE,MEASLES,2,0.48
199012,AK,ALASKA,STATE,MEASLES,2,0.36
199017,AK,ALASKA,STATE,MEASLES,2,0.36
199429,AK,ALASKA,STATE,MEASLES,2,0.33
199439,AK,ALASKA,STATE,MEASLES,2,0.33
195426,AK,ALASKA,STATE,MEASLES,3,1.4
195433,AK,ALASKA,STATE,MEASLES,3,1.4
195449,AK,ALASKA,STATE,MEASLES,3,1.4
195506,AK,ALASKA,STATE,MEASLES,3,1.35
195508,AK,ALASKA,STATE,MEASLES,3,1.35
195530,AK,ALASKA,STATE,MEASLES,3,1.35
195625,AK,ALASKA,STATE,MEASLES,3,1.34
195649,AK,ALASKA,STATE,MEASLES,3,1.34
195708,AK,ALASKA,STATE,MEASLES,3,1.3
195735,AK,ALASKA,STATE,MEASLES,3,1.3
195743,AK,ALASKA,STATE,MEASLES,3,1.3
195915,AK,ALASKA,STATE,MEASLES,3,1.34
195947,AK,ALASKA,STATE,MEASLES,3,1.34
196010,AK,ALASKA,STATE,MEASLES,3,1.31
196036,AK,ALASKA,STATE,MEASLES,3,1.31
196038,AK,ALASKA,STATE,MEASLES,3,1.31
196041,AK,ALASKA,STATE,MEASLES,3,1.31
196046,AK,ALASKA,STATE,MEASLES,3,1.31
196106,AK,ALASKA,STATE,MEASLES,3,1.26
196120,AK,ALASKA,STATE,MEASLES,3,1.26
196127,AK,ALASKA,STATE,MEASLES,3,1.26
196208,AK,ALASKA,STATE,MEASLES,3,1.22
196322,AK,ALASKA,STATE,MEASLES,3,1.17
196414,AK,ALASKA,STATE,MEASLES,3,1.14
196443,AK,ALASKA,STATE,MEASLES,3,1.14
196444,AK,ALASKA,STATE,MEASLES,3,1.14
196448,AK,ALASKA,STATE,MEASLES,3,1.14
196452,AK,ALASKA,STATE,MEASLES,3,1.14
196514,AK,ALASKA,STATE,MEASLES,3,1.11
196522,AK,ALASKA,STATE,MEASLES,3,1.11
196523,AK,ALASKA,STATE,MEASLES,3,1.11
196524,AK,ALASKA,STATE,MEASLES,3,1.11
196538,AK,ALASKA,STATE,MEASLES,3,1.11
196542,AK,ALASKA,STATE,MEASLES,3,1.11
196618,AK,ALASKA,STATE,MEASLES,3,1.11
196722,AK,ALASKA,STATE,MEASLES,3,1.08
196908,AK,ALASKA,STATE,MEASLES,3,1.01
196912,AK,ALASKA,STATE,MEASLES,3,1.01
197017,AK,ALASKA,STATE,MEASLES,3,0.95
197104,AK,ALASKA,STATE,MEASLES,3,0.92
197106,AK,ALASKA,STATE,MEASLES,3,0.92
197205,AK,ALASKA,STATE,MEASLES,3,0.91
199207,AK,ALASKA,STATE,MEASLES,3,0.51
199843,AK,ALASKA,STATE,MEASLES,3,0.48
195445,AK,ALASKA,STATE,MEASLES,4,1.86
195448,AK,ALASKA,STATE,MEASLES,4,1.86
195502,AK,ALASKA,STATE,MEASLES,4,1.8
195603,AK,ALASKA,STATE,MEASLES,4,1.79
195628,AK,ALASKA,STATE,MEASLES,4,1.79
195716,AK,ALASKA,STATE,MEASLES,4,1.73
195740,AK,ALASKA,STATE,MEASLES,4,1.73
195819,AK,ALASKA,STATE,MEASLES,4,1.79
195827,AK,ALASKA,STATE,MEASLES,4,1.79
195832,AK,ALASKA,STATE,MEASLES,4,1.79
196051,AK,ALASKA,STATE,MEASLES,4,1.75
196132,AK,ALASKA,STATE,MEASLES,4,1.68
196405,AK,ALASKA,STATE,MEASLES,4,1.52
196426,AK,ALASKA,STATE,MEASLES,4,1.52
196428,AK,ALASKA,STATE,MEASLES,4,1.52
196430,AK,ALASKA,STATE,MEASLES,4,1.52
196434,AK,ALASKA,STATE,MEASLES,4,1.52
196435,AK,ALASKA,STATE,MEASLES,4,1.52
196510,AK,ALASKA,STATE,MEASLES,4,1.48
196516,AK,ALASKA,STATE,MEASLES,4,1.48
196526,AK,ALASKA,STATE,MEASLES,4,1.48
196528,AK,ALASKA,STATE,MEASLES,4,1.48
196537,AK,ALASKA,STATE,MEASLES,4,1.48
196612,AK,ALASKA,STATE,MEASLES,4,1.48
196635,AK,ALASKA,STATE,MEASLES,4,1.48
196708,AK,ALASKA,STATE,MEASLES,4,1.44
196739,AK,ALASKA,STATE,MEASLES,4,1.44
196943,AK,ALASKA,STATE,MEASLES,4,1.35
197632,AK,ALASKA,STATE,MEASLES,4,0.99
195447,AK,ALASKA,STATE,MEASLES,5,2.33
195519,AK,ALASKA,STATE,MEASLES,5,2.25
195522,AK,ALASKA,STATE,MEASLES,5,2.25
195528,AK,ALASKA,STATE,MEASLES,5,2.25
195703,AK,ALASKA,STATE,MEASLES,5,2.16
195710,AK,ALASKA,STATE,MEASLES,5,2.16
195713,AK,ALASKA,STATE,MEASLES,5,2.16
195741,AK,ALASKA,STATE,MEASLES,5,2.16
195752,AK,ALASKA,STATE,MEASLES,5,2.16
195813,AK,ALASKA,STATE,MEASLES,5,2.23
195815,AK,ALASKA,STATE,MEASLES,5,2.23
195835,AK,ALASKA,STATE,MEASLES,5,2.23
195911,AK,ALASKA,STATE,MEASLES,5,2.23
195918,AK,ALASKA,STATE,MEASLES,5,2.23
196114,AK,ALASKA,STATE,MEASLES,5,2.1
196124,AK,ALASKA,STATE,MEASLES,5,2.1
196237,AK,ALASKA,STATE,MEASLES,5,2.03
196303,AK,ALASKA,STATE,MEASLES,5,1.95
196441,AK,ALASKA,STATE,MEASLES,5,1.9
196445,AK,ALASKA,STATE,MEASLES,5,1.9
196506,AK,ALASKA,STATE,MEASLES,5,1.85
196515,AK,ALASKA,STATE,MEASLES,5,1.85
196519,AK,ALASKA,STATE,MEASLES,5,1.85
196531,AK,ALASKA,STATE,MEASLES,5,1.85
196545,AK,ALASKA,STATE,MEASLES,5,1.85
196606,AK,ALASKA,STATE,MEASLES,5,1.85
196641,AK,ALASKA,STATE,MEASLES,5,1.85
196710,AK,ALASKA,STATE,MEASLES,5,1.8
196721,AK,ALASKA,STATE,MEASLES,5,1.8
196736,AK,ALASKA,STATE,MEASLES,5,1.8
197026,AK,ALASKA,STATE,MEASLES,5,1.58
197323,AK,ALASKA,STATE,MEASLES,5,1.47
197644,AK,ALASKA,STATE,MEASLES,5,1.24
199011,AK,ALASKA,STATE,MEASLES,5,0.9
199625,AK,ALASKA,STATE,MEASLES,5,0.82
199839,AK,ALASKA,STATE,MEASLES,5,0.81
195614,AK,ALASKA,STATE,MEASLES,6,2.68
195733,AK,ALASKA,STATE,MEASLES,6,2.6
195736,AK,ALASKA,STATE,MEASLES,6,2.6
195806,AK,ALASKA,STATE,MEASLES,6,2.68
195845,AK,ALASKA,STATE,MEASLES,6,2.68
196004,AK,ALASKA,STATE,MEASLES,6,2.62
196006,AK,ALASKA,STATE,MEASLES,6,2.62
196012,AK,ALASKA,STATE,MEASLES,6,2.62
196047,AK,ALASKA,STATE,MEASLES,6,2.62
196110,AK,ALASKA,STATE,MEASLES,6,2.52
196118,AK,ALASKA,STATE,MEASLES,6,2.52
196121,AK,ALASKA,STATE,MEASLES,6,2.52
196125,AK,ALASKA,STATE,MEASLES,6,2.52
196211,AK,ALASKA,STATE,MEASLES,6,2.44
196221,AK,ALASKA,STATE,MEASLES,6,2.44
196250,AK,ALASKA,STATE,MEASLES,6,2.44
196427,AK,ALASKA,STATE,MEASLES,6,2.28
196429,AK,ALASKA,STATE,MEASLES,6,2.28
196437,AK,ALASKA,STATE,MEASLES,6,2.28
196447,AK,ALASKA,STATE,MEASLES,6,2.28
196450,AK,ALASKA,STATE,MEASLES,6,2.28
196513,AK,ALASKA,STATE,MEASLES,6,2.21
196547,AK,ALASKA,STATE,MEASLES,6,2.21
196715,AK,ALASKA,STATE,MEASLES,6,2.16
197224,AK,ALASKA,STATE,MEASLES,6,1.82
197910,AK,ALASKA,STATE,MEASLES,6,1.49
199009,AK,ALASKA,STATE,MEASLES,6,1.08
199016,AK,ALASKA,STATE,MEASLES,6,1.08
195409,AK,ALASKA,STATE,MEASLES,7,3.26
195425,AK,ALASKA,STATE,MEASLES,7,3.26
195429,AK,ALASKA,STATE,MEASLES,7,3.26
195518,AK,ALASKA,STATE,MEASLES,7,3.15
195705,AK,ALASKA,STATE,MEASLES,7,3.03
195707,AK,ALASKA,STATE,MEASLES,7,3.03
195717,AK,ALASKA,STATE,MEASLES,7,3.03
195748,AK,ALASKA,STATE,MEASLES,7,3.03
195817,AK,ALASKA,STATE,MEASLES,7,3.12
195946,AK,ALASKA,STATE,MEASLES,7,3.12
196042,AK,ALASKA,STATE,MEASLES,7,3.06
196129,AK,ALASKA,STATE,MEASLES,7,2.94
196219,AK,ALASKA,STATE,MEASLES,7,2.85
196438,AK,ALASKA,STATE,MEASLES,7,2.66
196442,AK,ALASKA,STATE,MEASLES,7,2.66
196451,AK,ALASKA,STATE,MEASLES,7,2.66
196502,AK,ALASKA,STATE,MEASLES,7,2.58
196508,AK,ALASKA,STATE,MEASLES,7,2.58
196530,AK,ALASKA,STATE,MEASLES,7,2.58
196535,AK,ALASKA,STATE,MEASLES,7,2.58
196552,AK,ALASKA,STATE,MEASLES,7,2.58
196616,AK,ALASKA,STATE,MEASLES,7,2.58
196637,AK,ALASKA,STATE,MEASLES,7,2.58
196704,AK,ALASKA,STATE,MEASLES,7,2.52
196706,AK,ALASKA,STATE,MEASLES,7,2.52
196714,AK,ALASKA,STATE,MEASLES,7,2.52
196841,AK,ALASKA,STATE,MEASLES,7,2.46
197146,AK,ALASKA,STATE,MEASLES,7,2.16
199440,AK,ALASKA,STATE,MEASLES,7,1.16
199838,AK,ALASKA,STATE,MEASLES,7,1.13
195529,AK,ALASKA,STATE,MEASLES,8,3.6
195543,AK,ALASKA,STATE,MEASLES,8,3.6
195610,AK,ALASKA,STATE,MEASLES,8,3.57
195744,AK,ALASKA,STATE,MEASLES,8,3.46
195825,AK,ALASKA,STATE,MEASLES,8,3.57
195944,AK,ALASKA,STATE,MEASLES,8,3.57
196119,AK,ALASKA,STATE,MEASLES,8,3.36
196130,AK,ALASKA,STATE,MEASLES,8,3.36
196222,AK,ALASKA,STATE,MEASLES,8,3.25
196228,AK,ALASKA,STATE,MEASLES,8,3.25
196234,AK,ALASKA,STATE,MEASLES,8,3.25
196505,AK,ALASKA,STATE,MEASLES,8,2.95
196520,AK,ALASKA,STATE,MEASLES,8,2.95
196610,AK,ALASKA,STATE,MEASLES,8,2.95
196629,AK,ALASKA,STATE,MEASLES,8,2.95
196631,AK,ALASKA,STATE,MEASLES,8,2.95
196703,AK,ALASKA,STATE,MEASLES,8,2.88
197717,AK,ALASKA,STATE,MEASLES,8,1.98
197912,AK,ALASKA,STATE,MEASLES,8,1.99
199616,AK,ALASKA,STATE,MEASLES,8,1.31
195638,AK,ALASKA,STATE,MEASLES,9,4.02
195718,AK,ALASKA,STATE,MEASLES,9,3.9
195730,AK,ALASKA,STATE,MEASLES,9,3.9
195810,AK,ALASKA,STATE,MEASLES,9,4.02
195824,AK,ALASKA,STATE,MEASLES,9,4.02
196116,AK,ALASKA,STATE,MEASLES,9,3.78
196133,AK,ALASKA,STATE,MEASLES,9,3.78
196509,AK,ALASKA,STATE,MEASLES,9,3.32
196511,AK,ALASKA,STATE,MEASLES,9,3.32
196643,AK,ALASKA,STATE,MEASLES,9,3.32
196648,AK,ALASKA,STATE,MEASLES,9,3.32
196712,AK,ALASKA,STATE,MEASLES,9,3.24
196716,AK,ALASKA,STATE,MEASLES,9,3.24
199618,AK,ALASKA,STATE,MEASLES,9,1.48
195410,AK,ALASKA,STATE,MEASLES,10,4.65
195427,AK,ALASKA,STATE,MEASLES,10,4.65
195435,AK,ALASKA,STATE,MEASLES,10,4.65
195540,AK,ALASKA,STATE,MEASLES,10,4.5
195650,AK,ALASKA,STATE,MEASLES,10,4.46
195913,AK,ALASKA,STATE,MEASLES,10,4.46
196102,AK,ALASKA,STATE,MEASLES,10,4.2
196113,AK,ALASKA,STATE,MEASLES,10,4.2
196123,AK,ALASKA,STATE,MEASLES,10,4.2
196136,AK,ALASKA,STATE,MEASLES,10,4.2
196305,AK,ALASKA,STATE,MEASLES,10,3.91
196321,AK,ALASKA,STATE,MEASLES,10,3.91
196331,AK,ALASKA,STATE,MEASLES,10,3.91
196337,AK,ALASKA,STATE,MEASLES,10,3.91
196440,AK,ALASKA,STATE,MEASLES,10,3.8
196512,AK,ALASKA,STATE,MEASLES,10,3.69
196645,AK,ALASKA,STATE,MEASLES,10,3.69
196651,AK,ALASKA,STATE,MEASLES,10,3.69
195413,AK,ALASKA,STATE,MEASLES,11,5.12
195547,AK,ALASKA,STATE,MEASLES,11,4.95
195651,AK,ALASKA,STATE,MEASLES,11,4.91
195746,AK,ALASKA,STATE,MEASLES,11,4.76
195838,AK,ALASKA,STATE,MEASLES,11,4.91
195909,AK,ALASKA,STATE,MEASLES,11,4.91
196007,AK,ALASKA,STATE,MEASLES,11,4.8
196117,AK,ALASKA,STATE,MEASLES,11,4.62
196131,AK,ALASKA,STATE,MEASLES,11,4.62
196135,AK,ALASKA,STATE,MEASLES,11,4.62
196225,AK,ALASKA,STATE,MEASLES,11,4.47
196235,AK,ALASKA,STATE,MEASLES,11,4.47
196317,AK,ALASKA,STATE,MEASLES,11,4.3
196335,AK,ALASKA,STATE,MEASLES,11,4.3
196421,AK,ALASKA,STATE,MEASLES,11,4.18
196424,AK,ALASKA,STATE,MEASLES,11,4.18
196507,AK,ALASKA,STATE,MEASLES,11,4.06
196640,AK,ALASKA,STATE,MEASLES,11,4.06
196642,AK,ALASKA,STATE,MEASLES,11,4.06
196644,AK,ALASKA,STATE,MEASLES,11,4.06
196646,AK,ALASKA,STATE,MEASLES,11,4.06
195549,AK,ALASKA,STATE,MEASLES,12,5.41
195615,AK,ALASKA,STATE,MEASLES,12,5.36
195647,AK,ALASKA,STATE,MEASLES,12,5.36
195729,AK,ALASKA,STATE,MEASLES,12,5.19
196138,AK,ALASKA,STATE,MEASLES,12,5.04
196236,AK,ALASKA,STATE,MEASLES,12,4.88
196420,AK,ALASKA,STATE,MEASLES,12,4.56
195520,AK,ALASKA,STATE,MEASLES,13,5.86
195607,AK,ALASKA,STATE,MEASLES,13,5.8
195618,AK,ALASKA,STATE,MEASLES,13,5.8
195632,AK,ALASKA,STATE,MEASLES,13,5.8
195643,AK,ALASKA,STATE,MEASLES,13,5.8
195702,AK,ALASKA,STATE,MEASLES,13,5.63
195704,AK,ALASKA,STATE,MEASLES,13,5.63
195848,AK,ALASKA,STATE,MEASLES,13,5.8
195910,AK,ALASKA,STATE,MEASLES,13,5.8
196134,AK,ALASKA,STATE,MEASLES,13,5.46
196142,AK,ALASKA,STATE,MEASLES,13,5.46
196217,AK,ALASKA,STATE,MEASLES,13,5.28
196238,AK,ALASKA,STATE,MEASLES,13,5.28
196702,AK,ALASKA,STATE,MEASLES,13,4.68
197021,AK,ALASKA,STATE,MEASLES,13,4.12
195401,AK,ALASKA,STATE,MEASLES,14,6.51
195510,AK,ALASKA,STATE,MEASLES,14,6.31
195544,AK,ALASKA,STATE,MEASLES,14,6.31
195706,AK,ALASKA,STATE,MEASLES,14,6.06
195836,AK,ALASKA,STATE,MEASLES,14,6.25
196033,AK,ALASKA,STATE,MEASLES,14,6.11
196112,AK,ALASKA,STATE,MEASLES,14,5.88
196137,AK,ALASKA,STATE,MEASLES,14,5.88
196209,AK,ALASKA,STATE,MEASLES,14,5.69
196213,AK,ALASKA,STATE,MEASLES,14,5.69
196230,AK,ALASKA,STATE,MEASLES,14,5.69
196247,AK,ALASKA,STATE,MEASLES,14,5.69
196314,AK,ALASKA,STATE,MEASLES,14,5.47
196422,AK,ALASKA,STATE,MEASLES,14,5.32
196630,AK,ALASKA,STATE,MEASLES,14,5.17
196647,AK,ALASKA,STATE,MEASLES,14,5.17
195516,AK,ALASKA,STATE,MEASLES,15,6.76
195602,AK,ALASKA,STATE,MEASLES,15,6.7
195608,AK,ALASKA,STATE,MEASLES,15,6.7
195611,AK,ALASKA,STATE,MEASLES,15,6.7
195737,AK,ALASKA,STATE,MEASLES,15,6.49
195844,AK,ALASKA,STATE,MEASLES,15,6.7
195906,AK,ALASKA,STATE,MEASLES,15,6.7
196030,AK,ALASKA,STATE,MEASLES,15,6.55
196039,AK,ALASKA,STATE,MEASLES,15,6.55
196210,AK,ALASKA,STATE,MEASLES,15,6.1
196249,AK,ALASKA,STATE,MEASLES,15,6.1
196638,AK,ALASKA,STATE,MEASLES,15,5.54
196719,AK,ALASKA,STATE,MEASLES,15,5.4
195404,AK,ALASKA,STATE,MEASLES,16,7.44
195436,AK,ALASKA,STATE,MEASLES,16,7.44
195514,AK,ALASKA,STATE,MEASLES,16,7.21
195521,AK,ALASKA,STATE,MEASLES,16,7.21
195524,AK,ALASKA,STATE,MEASLES,16,7.21
195709,AK,ALASKA,STATE,MEASLES,16,6.93
195723,AK,ALASKA,STATE,MEASLES,16,6.93
195840,AK,ALASKA,STATE,MEASLES,16,7.14
195925,AK,ALASKA,STATE,MEASLES,16,7.14
195941,AK,ALASKA,STATE,MEASLES,16,7.14
196029,AK,ALASKA,STATE,MEASLES,16,6.99
196104,AK,ALASKA,STATE,MEASLES,16,6.72
196227,AK,ALASKA,STATE,MEASLES,16,6.5
196503,AK,ALASKA,STATE,MEASLES,16,5.9
196532,AK,ALASKA,STATE,MEASLES,16,5.9
197018,AK,ALASKA,STATE,MEASLES,16,5.07
197025,AK,ALASKA,STATE,MEASLES,16,5.07
195416,AK,ALASKA,STATE,MEASLES,17,7.91
195811,AK,ALASKA,STATE,MEASLES,17,7.59
195823,AK,ALASKA,STATE,MEASLES,17,7.59
196013,AK,ALASKA,STATE,MEASLES,17,7.42
196316,AK,ALASKA,STATE,MEASLES,17,6.64
196650,AK,ALASKA,STATE,MEASLES,17,6.27
195930,AK,ALASKA,STATE,MEASLES,18,8.04
195943,AK,ALASKA,STATE,MEASLES,18,8.04
196141,AK,ALASKA,STATE,MEASLES,18,7.56
196214,AK,ALASKA,STATE,MEASLES,18,7.32
196231,AK,ALASKA,STATE,MEASLES,18,7.32
196619,AK,ALASKA,STATE,MEASLES,18,6.64
196701,AK,ALASKA,STATE,MEASLES,18,6.47
195408,AK,ALASKA,STATE,MEASLES,19,8.84
195606,AK,ALASKA,STATE,MEASLES,19,8.48
195633,AK,ALASKA,STATE,MEASLES,19,8.48
195636,AK,ALASKA,STATE,MEASLES,19,8.48
195637,AK,ALASKA,STATE,MEASLES,19,8.48
195728,AK,ALASKA,STATE,MEASLES,19,8.23
195839,AK,ALASKA,STATE,MEASLES,19,8.48
195843,AK,ALASKA,STATE,MEASLES,19,8.48
195920,AK,ALASKA,STATE,MEASLES,19,8.48
196319,AK,ALASKA,STATE,MEASLES,19,7.42
195431,AK,ALASKA,STATE,MEASLES,20,9.3
195515,AK,ALASKA,STATE,MEASLES,20,9.01
195545,AK,ALASKA,STATE,MEASLES,20,9.01
195634,AK,ALASKA,STATE,MEASLES,20,8.93
195831,AK,ALASKA,STATE,MEASLES,20,8.93
196212,AK,ALASKA,STATE,MEASLES,20,8.13
196245,AK,ALASKA,STATE,MEASLES,20,8.13
196324,AK,ALASKA,STATE,MEASLES,20,7.81
196326,AK,ALASKA,STATE,MEASLES,20,7.81
196340,AK,ALASKA,STATE,MEASLES,20,7.81
197022,AK,ALASKA,STATE,MEASLES,20,6.34
197120,AK,ALASKA,STATE,MEASLES,20,6.16
197123,AK,ALASKA,STATE,MEASLES,20,6.16
199615,AK,ALASKA,STATE,MEASLES,20,3.29
195527,AK,ALASKA,STATE,MEASLES,21,9.46
195613,AK,ALASKA,STATE,MEASLES,21,9.38
195802,AK,ALASKA,STATE,MEASLES,21,9.38
195901,AK,ALASKA,STATE,MEASLES,21,9.38
195922,AK,ALASKA,STATE,MEASLES,21,9.38
195951,AK,ALASKA,STATE,MEASLES,21,9.38
196035,AK,ALASKA,STATE,MEASLES,21,9.17
196226,AK,ALASKA,STATE,MEASLES,21,8.54
196240,AK,ALASKA,STATE,MEASLES,21,8.54
195617,AK,ALASKA,STATE,MEASLES,22,9.82
196009,AK,ALASKA,STATE,MEASLES,22,9.61
196126,AK,ALASKA,STATE,MEASLES,22,9.24
196216,AK,ALASKA,STATE,MEASLES,22,8.94
196342,AK,ALASKA,STATE,MEASLES,22,8.59
196620,AK,ALASKA,STATE,MEASLES,22,8.12
196621,AK,ALASKA,STATE,MEASLES,22,8.12
195917,AK,ALASKA,STATE,MEASLES,23,10.27
195921,AK,ALASKA,STATE,MEASLES,23,10.27
196320,AK,ALASKA,STATE,MEASLES,23,8.98
196325,AK,ALASKA,STATE,MEASLES,23,8.98
196327,AK,ALASKA,STATE,MEASLES,23,8.98
197019,AK,ALASKA,STATE,MEASLES,23,7.29
199612,AK,ALASKA,STATE,MEASLES,23,3.78
195821,AK,ALASKA,STATE,MEASLES,24,10.71
196246,AK,ALASKA,STATE,MEASLES,24,9.76
196323,AK,ALASKA,STATE,MEASLES,24,9.38
196411,AK,ALASKA,STATE,MEASLES,24,9.13
196614,AK,ALASKA,STATE,MEASLES,24,8.86
196625,AK,ALASKA,STATE,MEASLES,24,8.86
195406,AK,ALASKA,STATE,MEASLES,25,11.63
195619,AK,ALASKA,STATE,MEASLES,25,11.16
195747,AK,ALASKA,STATE,MEASLES,25,10.82
195818,AK,ALASKA,STATE,MEASLES,25,11.16
196101,AK,ALASKA,STATE,MEASLES,25,10.5
195525,AK,ALASKA,STATE,MEASLES,26,11.71
195621,AK,ALASKA,STATE,MEASLES,26,11.61
195842,AK,ALASKA,STATE,MEASLES,26,11.61
195938,AK,ALASKA,STATE,MEASLES,26,11.61
195950,AK,ALASKA,STATE,MEASLES,26,11.61
196022,AK,ALASKA,STATE,MEASLES,26,11.35
196031,AK,ALASKA,STATE,MEASLES,26,11.35
195412,AK,ALASKA,STATE,MEASLES,27,12.56
195609,AK,ALASKA,STATE,MEASLES,27,12.05
195714,AK,ALASKA,STATE,MEASLES,27,11.69
195727,AK,ALASKA,STATE,MEASLES,27,11.69
196019,AK,ALASKA,STATE,MEASLES,27,11.79
196239,AK,ALASKA,STATE,MEASLES,27,10.98
196310,AK,ALASKA,STATE,MEASLES,27,10.55
196313,AK,ALASKA,STATE,MEASLES,27,10.55
195622,AK,ALASKA,STATE,MEASLES,28,12.5
195801,AK,ALASKA,STATE,MEASLES,28,12.5
195816,AK,ALASKA,STATE,MEASLES,28,12.5
195841,AK,ALASKA,STATE,MEASLES,28,12.5
195923,AK,ALASKA,STATE,MEASLES,28,12.5
195942,AK,ALASKA,STATE,MEASLES,28,12.5
196017,AK,ALASKA,STATE,MEASLES,28,12.23
196027,AK,ALASKA,STATE,MEASLES,28,12.23
196308,AK,ALASKA,STATE,MEASLES,28,10.94
196338,AK,ALASKA,STATE,MEASLES,28,10.94
196341,AK,ALASKA,STATE,MEASLES,28,10.94
195808,AK,ALASKA,STATE,MEASLES,29,12.95
195830,AK,ALASKA,STATE,MEASLES,29,12.95
195907,AK,ALASKA,STATE,MEASLES,29,12.95
195931,AK,ALASKA,STATE,MEASLES,29,12.95
196215,AK,ALASKA,STATE,MEASLES,29,11.79
196410,AK,ALASKA,STATE,MEASLES,29,11.03
195402,AK,ALASKA,STATE,MEASLES,30,13.95
195407,AK,ALASKA,STATE,MEASLES,30,13.95
195523,AK,ALASKA,STATE,MEASLES,30,13.51
196413,AK,ALASKA,STATE,MEASLES,30,11.41
196627,AK,ALASKA,STATE,MEASLES,30,11.07
196636,AK,ALASKA,STATE,MEASLES,30,11.07
195546,AK,ALASKA,STATE,MEASLES,31,13.96
195726,AK,ALASKA,STATE,MEASLES,31,13.42
196244,AK,ALASKA,STATE,MEASLES,31,12.6
196002,AK,ALASKA,STATE,MEASLES,32,13.97
196346,AK,ALASKA,STATE,MEASLES,32,12.5
196419,AK,ALASKA,STATE,MEASLES,32,12.17
195526,AK,ALASKA,STATE,MEASLES,33,14.86
196003,AK,ALASKA,STATE,MEASLES,33,14.41
196206,AK,ALASKA,STATE,MEASLES,33,13.41
196315,AK,ALASKA,STATE,MEASLES,33,12.89
196339,AK,ALASKA,STATE,MEASLES,33,12.89
195635,AK,ALASKA,STATE,MEASLES,34,15.18
195751,AK,ALASKA,STATE,MEASLES,34,14.72
195939,AK,ALASKA,STATE,MEASLES,34,15.18
196232,AK,ALASKA,STATE,MEASLES,34,13.82
195428,AK,ALASKA,STATE,MEASLES,35,16.280001
195548,AK,ALASKA,STATE,MEASLES,35,15.77
196347,AK,ALASKA,STATE,MEASLES,35,13.67
196423,AK,ALASKA,STATE,MEASLES,35,13.31
195739,AK,ALASKA,STATE,MEASLES,36,15.58
195805,AK,ALASKA,STATE,MEASLES,36,16.07
195812,AK,ALASKA,STATE,MEASLES,36,16.07
196304,AK,ALASKA,STATE,MEASLES,36,14.06
195411,AK,ALASKA,STATE,MEASLES,37,17.209999
195924,AK,ALASKA,STATE,MEASLES,37,16.52
196149,AK,ALASKA,STATE,MEASLES,37,15.55
195833,AK,ALASKA,STATE,MEASLES,38,16.959999
196242,AK,ALASKA,STATE,MEASLES,38,15.45
195820,AK,ALASKA,STATE,MEASLES,39,17.41
195403,AK,ALASKA,STATE,MEASLES,40,18.6
195414,AK,ALASKA,STATE,MEASLES,40,18.6
195432,AK,ALASKA,STATE,MEASLES,40,18.6
195829,AK,ALASKA,STATE,MEASLES,40,17.860001
195929,AK,ALASKA,STATE,MEASLES,40,17.860001
196218,AK,ALASKA,STATE,MEASLES,41,16.67
196623,AK,ALASKA,STATE,MEASLES,41,15.13
195721,AK,ALASKA,STATE,MEASLES,42,18.18
195750,AK,ALASKA,STATE,MEASLES,42,18.18
196407,AK,ALASKA,STATE,MEASLES,42,15.97
195908,AK,ALASKA,STATE,MEASLES,43,19.200001
195912,AK,ALASKA,STATE,MEASLES,43,19.200001
196143,AK,ALASKA,STATE,MEASLES,43,18.07
195605,AK,ALASKA,STATE,MEASLES,44,19.639999
195644,AK,ALASKA,STATE,MEASLES,44,19.639999
195928,AK,ALASKA,STATE,MEASLES,44,19.639999
195949,AK,ALASKA,STATE,MEASLES,44,19.639999
196144,AK,ALASKA,STATE,MEASLES,44,18.49
195420,AK,ALASKA,STATE,MEASLES,45,20.93
195828,AK,ALASKA,STATE,MEASLES,45,20.09
195850,AK,ALASKA,STATE,MEASLES,45,20.09
196015,AK,ALASKA,STATE,MEASLES,45,19.65
196028,AK,ALASKA,STATE,MEASLES,45,19.65
196233,AK,ALASKA,STATE,MEASLES,45,18.290001
195803,AK,ALASKA,STATE,MEASLES,46,20.540001
195945,AK,ALASKA,STATE,MEASLES,46,20.540001
196348,AK,ALASKA,STATE,MEASLES,46,17.969999
195423,AK,ALASKA,STATE,MEASLES,47,21.860001
196311,AK,ALASKA,STATE,MEASLES,47,18.360001
195933,AK,ALASKA,STATE,MEASLES,48,21.43
197704,AK,ALASKA,STATE,MEASLES,48,11.86
195639,AK,ALASKA,STATE,MEASLES,49,21.879999
196147,AK,ALASKA,STATE,MEASLES,49,20.59
196344,AK,ALASKA,STATE,MEASLES,49,19.139999
196204,AK,ALASKA,STATE,MEASLES,51,20.73
196632,AK,ALASKA,STATE,MEASLES,51,18.82
195646,AK,ALASKA,STATE,MEASLES,52,23.209999
196343,AK,ALASKA,STATE,MEASLES,52,20.309999
196334,AK,ALASKA,STATE,MEASLES,53,20.700001
195940,AK,ALASKA,STATE,MEASLES,54,24.110001
196403,AK,ALASKA,STATE,MEASLES,55,20.91
195405,AK,ALASKA,STATE,MEASLES,56,26.049999
195903,AK,ALASKA,STATE,MEASLES,56,25.0
196330,AK,ALASKA,STATE,MEASLES,57,22.27
196409,AK,ALASKA,STATE,MEASLES,58,22.049999
196220,AK,ALASKA,STATE,MEASLES,59,23.98
196336,AK,ALASKA,STATE,MEASLES,59,23.049999
195612,AK,ALASKA,STATE,MEASLES,60,26.790001
195904,AK,ALASKA,STATE,MEASLES,60,26.790001
196417,AK,ALASKA,STATE,MEASLES,60,22.809999
196223,AK,ALASKA,STATE,MEASLES,61,24.799999
196402,AK,ALASKA,STATE,MEASLES,61,23.190001
195847,AK,ALASKA,STATE,MEASLES,62,27.68
195905,AK,ALASKA,STATE,MEASLES,62,27.68
196025,AK,ALASKA,STATE,MEASLES,62,27.07
196408,AK,ALASKA,STATE,MEASLES,62,23.57
195415,AK,ALASKA,STATE,MEASLES,63,29.299999
195720,AK,ALASKA,STATE,MEASLES,63,27.27
196140,AK,ALASKA,STATE,MEASLES,63,26.469999
195852,AK,ALASKA,STATE,MEASLES,64,28.57
196241,AK,ALASKA,STATE,MEASLES,64,26.02
196412,AK,ALASKA,STATE,MEASLES,64,24.33
195424,AK,ALASKA,STATE,MEASLES,65,30.23
196148,AK,ALASKA,STATE,MEASLES,65,27.309999
196207,AK,ALASKA,STATE,MEASLES,65,26.42
195421,AK,ALASKA,STATE,MEASLES,66,30.700001
195641,AK,ALASKA,STATE,MEASLES,66,29.459999
195725,AK,ALASKA,STATE,MEASLES,66,28.57
195631,AK,ALASKA,STATE,MEASLES,68,30.360001
195724,AK,ALASKA,STATE,MEASLES,68,29.440001
195948,AK,ALASKA,STATE,MEASLES,71,31.700001
196328,AK,ALASKA,STATE,MEASLES,71,27.73
195846,AK,ALASKA,STATE,MEASLES,72,32.139999
196020,AK,ALASKA,STATE,MEASLES,72,31.440001
196350,AK,ALASKA,STATE,MEASLES,73,28.52
195734,AK,ALASKA,STATE,MEASLES,74,32.029999
196016,AK,ALASKA,STATE,MEASLES,74,32.310001
196145,AK,ALASKA,STATE,MEASLES,74,31.09
196345,AK,ALASKA,STATE,MEASLES,74,28.91
195749,AK,ALASKA,STATE,MEASLES,75,32.470001
195648,AK,ALASKA,STATE,MEASLES,76,33.93
196633,AK,ALASKA,STATE,MEASLES,76,28.040001
195834,AK,ALASKA,STATE,MEASLES,78,34.82
196024,AK,ALASKA,STATE,MEASLES,78,34.060001
196152,AK,ALASKA,STATE,MEASLES,78,32.77
195822,AK,ALASKA,STATE,MEASLES,79,35.27
196001,AK,ALASKA,STATE,MEASLES,81,35.369999
195936,AK,ALASKA,STATE,MEASLES,85,37.950001
196018,AK,ALASKA,STATE,MEASLES,87,37.990002
196628,AK,ALASKA,STATE,MEASLES,89,32.84
195418,AK,ALASKA,STATE,MEASLES,90,41.860001
195927,AK,ALASKA,STATE,MEASLES,91,40.619999
196243,AK,ALASKA,STATE,MEASLES,91,36.990002
196205,AK,ALASKA,STATE,MEASLES,94,38.209999
195919,AK,ALASKA,STATE,MEASLES,98,43.75
196021,AK,ALASKA,STATE,MEASLES,102,44.540001
195417,AK,ALASKA,STATE,MEASLES,104,48.369999
196203,AK,ALASKA,STATE,MEASLES,105,42.68
195552,AK,ALASKA,STATE,MEASLES,106,47.75
195722,AK,ALASKA,STATE,MEASLES,106,45.889999
195849,AK,ALASKA,STATE,MEASLES,106,47.32
195624,AK,ALASKA,STATE,MEASLES,108,48.209999
196011,AK,ALASKA,STATE,MEASLES,108,47.16
196307,AK,ALASKA,STATE,MEASLES,109,42.580002
196349,AK,ALASKA,STATE,MEASLES,113,44.139999
196329,AK,ALASKA,STATE,MEASLES,115,44.919998
196008,AK,ALASKA,STATE,MEASLES,116,50.66
195601,AK,ALASKA,STATE,MEASLES,119,53.119999
195645,AK,ALASKA,STATE,MEASLES,119,53.119999
196401,AK,ALASKA,STATE,MEASLES,119,45.25
195902,AK,ALASKA,STATE,MEASLES,120,53.57
195630,AK,ALASKA,STATE,MEASLES,123,54.91
195640,AK,ALASKA,STATE,MEASLES,123,54.91
195419,AK,ALASKA,STATE,MEASLES,125,58.139999
195934,AK,ALASKA,STATE,MEASLES,129,57.59
196333,AK,ALASKA,STATE,MEASLES,131,51.169998
195616,AK,ALASKA,STATE,MEASLES,140,62.5
195422,AK,ALASKA,STATE,MEASLES,142,66.050003
196202,AK,ALASKA,STATE,MEASLES,148,60.16
195642,AK,ALASKA,STATE,MEASLES,150,66.959999
195623,AK,ALASKA,STATE,MEASLES,151,67.410004
196406,AK,ALASKA,STATE,MEASLES,154,58.560001
195620,AK,ALASKA,STATE,MEASLES,157,70.089996
196404,AK,ALASKA,STATE,MEASLES,165,62.740002
195937,AK,ALASKA,STATE,MEASLES,178,79.459999
195430,AK,ALASKA,STATE,MEASLES,180,83.720001
195604,AK,ALASKA,STATE,MEASLES,189,84.379997
196306,AK,ALASKA,STATE,MEASLES,197,76.949997
196050,AK,ALASKA,STATE,MEASLES,201,87.769997
195626,AK,ALASKA,STATE,MEASLES,213,95.089996
196151,AK,ALASKA,STATE,MEASLES,232,97.480003
196609,AK,ALASKA,STATE,RUBELLA,2,0.74
196611,AK,ALASKA,STATE,RUBELLA,2,0.74
196612,AK,ALASKA,STATE,RUBELLA,2,0.74
196617,AK,ALASKA,STATE,RUBELLA,2,0.74
196620,AK,ALASKA,STATE,RUBELLA,2,0.74
196623,AK,ALASKA,STATE,RUBELLA,2,0.74
196625,AK,ALASKA,STATE,RUBELLA,2,0.74
196627,AK,ALASKA,STATE,RUBELLA,2,0.74
196639,AK,ALASKA,STATE,RUBELLA,2,0.74
196640,AK,ALASKA,STATE,RUBELLA,2,0.74
196643,AK,ALASKA,STATE,RUBELLA,2,0.74
196645,AK,ALASKA,STATE,RUBELLA,2,0.74
196706,AK,ALASKA,STATE,RUBELLA,2,0.72
196708,AK,ALASKA,STATE,RUBELLA,2,0.72
196713,AK,ALASKA,STATE,RUBELLA,2,0.72
196714,AK,ALASKA,STATE,RUBELLA,2,0.72
196721,AK,ALASKA,STATE,RUBELLA,2,0.72
196734,AK,ALASKA,STATE,RUBELLA,2,0.72
196735,AK,ALASKA,STATE,RUBELLA,2,0.72
196744,AK,ALASKA,STATE,RUBELLA,2,0.72
196802,AK,ALASKA,STATE,RUBELLA,2,0.7
196818,AK,ALASKA,STATE,RUBELLA,2,0.7
196828,AK,ALASKA,STATE,RUBELLA,2,0.7
196829,AK,ALASKA,STATE,RUBELLA,2,0.7
196830,AK,ALASKA,STATE,RUBELLA,2,0.7
196836,AK,ALASKA,STATE,RUBELLA,2,0.7
196839,AK,ALASKA,STATE,RUBELLA,2,0.7
196842,AK,ALASKA,STATE,RUBELLA,2,0.7
196850,AK,ALASKA,STATE,RUBELLA,2,0.7
196936,AK,ALASKA,STATE,RUBELLA,2,0.68
197019,AK,ALASKA,STATE,RUBELLA,2,0.63
197021,AK,ALASKA,STATE,RUBELLA,2,0.63
197103,AK,ALASKA,STATE,RUBELLA,2,0.62
197117,AK,ALASKA,STATE,RUBELLA,2,0.62
197118,AK,ALASKA,STATE,RUBELLA,2,0.62
197124,AK,ALASKA,STATE,RUBELLA,2,0.62
197137,AK,ALASKA,STATE,RUBELLA,2,0.62
197206,AK,ALASKA,STATE,RUBELLA,2,0.61
197211,AK,ALASKA,STATE,RUBELLA,2,0.61
197224,AK,ALASKA,STATE,RUBELLA,2,0.61
197226,AK,ALASKA,STATE,RUBELLA,2,0.61
197644,AK,ALASKA,STATE,RUBELLA,2,0.5
196610,AK,ALASKA,STATE,RUBELLA,3,1.11
196648,AK,ALASKA,STATE,RUBELLA,3,1.11
196650,AK,ALASKA,STATE,RUBELLA,3,1.11
196703,AK,ALASKA,STATE,RUBELLA,3,1.08
196710,AK,ALASKA,STATE,RUBELLA,3,1.08
196725,AK,ALASKA,STATE,RUBELLA,3,1.08
196727,AK,ALASKA,STATE,RUBELLA,3,1.08
196809,AK,ALASKA,STATE,RUBELLA,3,1.05
196852,AK,ALASKA,STATE,RUBELLA,3,1.05
196904,AK,ALASKA,STATE,RUBELLA,3,1.01
196910,AK,ALASKA,STATE,RUBELLA,3,1.01
196913,AK,ALASKA,STATE,RUBELLA,3,1.01
196933,AK,ALASKA,STATE,RUBELLA,3,1.01
196942,AK,ALASKA,STATE,RUBELLA,3,1.01
197015,AK,ALASKA,STATE,RUBELLA,3,0.95
197017,AK,ALASKA,STATE,RUBELLA,3,0.95
197037,AK,ALASKA,STATE,RUBELLA,3,0.95
197837,AK,ALASKA,STATE,RUBELLA,3,0.74
199147,AK,ALASKA,STATE,RUBELLA,3,0.53
196615,AK,ALASKA,STATE,RUBELLA,4,1.48
196632,AK,ALASKA,STATE,RUBELLA,4,1.48
196644,AK,ALASKA,STATE,RUBELLA,4,1.48
196704,AK,ALASKA,STATE,RUBELLA,4,1.44
196732,AK,ALASKA,STATE,RUBELLA,4,1.44
196750,AK,ALASKA,STATE,RUBELLA,4,1.44
196804,AK,ALASKA,STATE,RUBELLA,4,1.4
196810,AK,ALASKA,STATE,RUBELLA,4,1.4
196822,AK,ALASKA,STATE,RUBELLA,4,1.4
196831,AK,ALASKA,STATE,RUBELLA,4,1.4
196835,AK,ALASKA,STATE,RUBELLA,4,1.4
196938,AK,ALASKA,STATE,RUBELLA,4,1.35
197009,AK,ALASKA,STATE,RUBELLA,4,1.27
197029,AK,ALASKA,STATE,RUBELLA,4,1.27
197049,AK,ALASKA,STATE,RUBELLA,4,1.27
197120,AK,ALASKA,STATE,RUBELLA,4,1.23
197327,AK,ALASKA,STATE,RUBELLA,4,1.17
197832,AK,ALASKA,STATE,RUBELLA,4,0.99
198231,AK,ALASKA,STATE,RUBELLA,4,0.82
196606,AK,ALASKA,STATE,RUBELLA,5,1.85
196613,AK,ALASKA,STATE,RUBELLA,5,1.85
196651,AK,ALASKA,STATE,RUBELLA,5,1.85
196702,AK,ALASKA,STATE,RUBELLA,5,1.8
196712,AK,ALASKA,STATE,RUBELLA,5,1.8
196724,AK,ALASKA,STATE,RUBELLA,5,1.8
196733,AK,ALASKA,STATE,RUBELLA,5,1.8
196803,AK,ALASKA,STATE,RUBELLA,5,1.75
196826,AK,ALASKA,STATE,RUBELLA,5,1.75
196838,AK,ALASKA,STATE,RUBELLA,5,1.75
196845,AK,ALASKA,STATE,RUBELLA,5,1.75
196931,AK,ALASKA,STATE,RUBELLA,5,1.69
196932,AK,ALASKA,STATE,RUBELLA,5,1.69
197014,AK,ALASKA,STATE,RUBELLA,5,1.58
197016,AK,ALASKA,STATE,RUBELLA,5,1.58
197250,AK,ALASKA,STATE,RUBELLA,5,1.51
197345,AK,ALASKA,STATE,RUBELLA,5,1.47
196614,AK,ALASKA,STATE,RUBELLA,6,2.21
196628,AK,ALASKA,STATE,RUBELLA,6,2.21
196729,AK,ALASKA,STATE,RUBELLA,6,2.16
196739,AK,ALASKA,STATE,RUBELLA,6,2.16
196745,AK,ALASKA,STATE,RUBELLA,6,2.16
196806,AK,ALASKA,STATE,RUBELLA,6,2.11
196925,AK,ALASKA,STATE,RUBELLA,6,2.03
196943,AK,ALASKA,STATE,RUBELLA,6,2.03
196944,AK,ALASKA,STATE,RUBELLA,6,2.03
196948,AK,ALASKA,STATE,RUBELLA,6,2.03
197105,AK,ALASKA,STATE,RUBELLA,6,1.85
197108,AK,ALASKA,STATE,RUBELLA,6,1.85
196843,AK,ALASKA,STATE,RUBELLA,7,2.46
196929,AK,ALASKA,STATE,RUBELLA,7,2.36
196939,AK,ALASKA,STATE,RUBELLA,7,2.36
197005,AK,ALASKA,STATE,RUBELLA,7,2.22
197042,AK,ALASKA,STATE,RUBELLA,7,2.22
197109,AK,ALASKA,STATE,RUBELLA,7,2.16
197322,AK,ALASKA,STATE,RUBELLA,7,2.05
198025,AK,ALASKA,STATE,RUBELLA,7,1.67
196605,AK,ALASKA,STATE,RUBELLA,8,2.95
196741,AK,ALASKA,STATE,RUBELLA,8,2.88
196807,AK,ALASKA,STATE,RUBELLA,8,2.81
196811,AK,ALASKA,STATE,RUBELLA,8,2.81
196812,AK,ALASKA,STATE,RUBELLA,8,2.81
196814,AK,ALASKA,STATE,RUBELLA,8,2.81
196906,AK,ALASKA,STATE,RUBELLA,8,2.7
196927,AK,ALASKA,STATE,RUBELLA,8,2.7
197210,AK,ALASKA,STATE,RUBELLA,8,2.42
196715,AK,ALASKA,STATE,RUBELLA,9,3.24
196930,AK,ALASKA,STATE,RUBELLA,9,3.04
196941,AK,ALASKA,STATE,RUBELLA,9,3.04
196618,AK,ALASKA,STATE,RUBELLA,10,3.69
197022,AK,ALASKA,STATE,RUBELLA,10,3.17
197347,AK,ALASKA,STATE,RUBELLA,10,2.93
196748,AK,ALASKA,STATE,RUBELLA,11,3.96
196751,AK,ALASKA,STATE,RUBELLA,11,3.96
196819,AK,ALASKA,STATE,RUBELLA,11,3.86
196832,AK,ALASKA,STATE,RUBELLA,11,3.86
196616,AK,ALASKA,STATE,RUBELLA,12,4.43
196742,AK,ALASKA,STATE,RUBELLA,12,4.32
196805,AK,ALASKA,STATE,RUBELLA,12,4.21
196813,AK,ALASKA,STATE,RUBELLA,12,4.21
196731,AK,ALASKA,STATE,RUBELLA,13,4.68
196915,AK,ALASKA,STATE,RUBELLA,13,4.39
196746,AK,ALASKA,STATE,RUBELLA,14,5.04
196815,AK,ALASKA,STATE,RUBELLA,14,4.91
196945,AK,ALASKA,STATE,RUBELLA,14,4.73
196730,AK,ALASKA,STATE,RUBELLA,15,5.4
196849,AK,ALASKA,STATE,RUBELLA,15,5.26
197004,AK,ALASKA,STATE,RUBELLA,15,4.75
196743,AK,ALASKA,STATE,RUBELLA,16,5.76
196749,AK,ALASKA,STATE,RUBELLA,16,5.76
196908,AK,ALASKA,STATE,RUBELLA,16,5.41
196926,AK,ALASKA,STATE,RUBELLA,16,5.41
196912,AK,ALASKA,STATE,RUBELLA,18,6.08
196947,AK,ALASKA,STATE,RUBELLA,21,7.09
196801,AK,ALASKA,STATE,RUBELLA,22,7.72
196808,AK,ALASKA,STATE,RUBELLA,23,8.07
196922,AK,ALASKA,STATE,RUBELLA,25,8.45
196950,AK,ALASKA,STATE,RUBELLA,29,9.8
196747,AK,ALASKA,STATE,RUBELLA,30,10.79
196951,AK,ALASKA,STATE,RUBELLA,30,10.14
196917,AK,ALASKA,STATE,RUBELLA,31,10.47
196716,AK,ALASKA,STATE,RUBELLA,33,11.87
196719,AK,ALASKA,STATE,RUBELLA,45,16.190001
196823,AK,ALASKA,STATE,RUBELLA,52,18.25
196949,AK,ALASKA,STATE,RUBELLA,53,17.91
196921,AK,ALASKA,STATE,RUBELLA,91,30.74
199832,AK,ALASKA,STATE,PERTUSSIS,2,0.32
199833,AK,ALASKA,STATE,PERTUSSIS,2,0.32
199836,AK,ALASKA,STATE,PERTUSSIS,2,0.32
200146,AK,ALASKA,STATE,PERTUSSIS,2,0.32
200228,AK,ALASKA,STATE,PERTUSSIS,2,0.31
200346,AK,ALASKA,STATE,PERTUSSIS,2,0.31
200413,AK,ALASKA,STATE,PERTUSSIS,2,0.3
200526,AK,ALASKA,STATE,PERTUSSIS,2,0.3
200548,AK,ALASKA,STATE,PERTUSSIS,2,0.3
200604,AK,ALASKA,STATE,PERTUSSIS,2,0.3
200606,AK,ALASKA,STATE,PERTUSSIS,2,0.3
200608,AK,ALASKA,STATE,PERTUSSIS,2,0.3
200615,AK,ALASKA,STATE,PERTUSSIS,2,0.3
200620,AK,ALASKA,STATE,PERTUSSIS,2,0.3
200623,AK,ALASKA,STATE,PERTUSSIS,2,0.3
200631,AK,ALASKA,STATE,PERTUSSIS,2,0.3
200633,AK,ALASKA,STATE,PERTUSSIS,2,0.3
200638,AK,ALASKA,STATE,PERTUSSIS,2,0.3
200639,AK,ALASKA,STATE,PERTUSSIS,2,0.3
200722,AK,ALASKA,STATE,PERTUSSIS,2,0.29
200729,AK,ALASKA,STATE,PERTUSSIS,2,0.29
200730,AK,ALASKA,STATE,PERTUSSIS,2,0.29
200807,AK,ALASKA,STATE,PERTUSSIS,2,0.29
200825,AK,ALASKA,STATE,PERTUSSIS,2,0.29
200827,AK,ALASKA,STATE,PERTUSSIS,2,0.29
200835,AK,ALASKA,STATE,PERTUSSIS,2,0.29
200904,AK,ALASKA,STATE,PERTUSSIS,2,0.29
200908,AK,ALASKA,STATE,PERTUSSIS,2,0.29
200909,AK,ALASKA,STATE,PERTUSSIS,2,0.29
200911,AK,ALASKA,STATE,PERTUSSIS,2,0.29
200912,AK,ALASKA,STATE,PERTUSSIS,2,0.29
200913,AK,ALASKA,STATE,PERTUSSIS,2,0.29
200937,AK,ALASKA,STATE,PERTUSSIS,2,0.29
200942,AK,ALASKA,STATE,PERTUSSIS,2,0.29
201009,AK,ALASKA,STATE,PERTUSSIS,2,0.28
201016,AK,ALASKA,STATE,PERTUSSIS,2,0.28
201029,AK,ALASKA,STATE,PERTUSSIS,2,0.28
201037,AK,ALASKA,STATE,PERTUSSIS,2,0.28
201044,AK,ALASKA,STATE,PERTUSSIS,2,0.28
201052,AK,ALASKA,STATE,PERTUSSIS,2,0.28
201103,AK,ALASKA,STATE,PERTUSSIS,2,0.28
201130,AK,ALASKA,STATE,PERTUSSIS,2,0.28
201137,AK,ALASKA,STATE,PERTUSSIS,2,0.28
201151,AK,ALASKA,STATE,PERTUSSIS,2,0.28
195022,AK,ALASKA,STATE,PERTUSSIS,2,1.48
195023,AK,ALASKA,STATE,PERTUSSIS,2,1.48
195042,AK,ALASKA,STATE,PERTUSSIS,2,1.48
195051,AK,ALASKA,STATE,PERTUSSIS,2,1.48
195052,AK,ALASKA,STATE,PERTUSSIS,2,1.48
195106,AK,ALASKA,STATE,PERTUSSIS,2,1.27
195116,AK,ALASKA,STATE,PERTUSSIS,2,1.27
195118,AK,ALASKA,STATE,PERTUSSIS,2,1.27
195534,AK,ALASKA,STATE,PERTUSSIS,2,0.9
195546,AK,ALASKA,STATE,PERTUSSIS,2,0.9
197515,AK,ALASKA,STATE,PERTUSSIS,2,0.5
197804,AK,ALASKA,STATE,PERTUSSIS,2,0.5
197812,AK,ALASKA,STATE,PERTUSSIS,2,0.5
197836,AK,ALASKA,STATE,PERTUSSIS,2,0.5
197837,AK,ALASKA,STATE,PERTUSSIS,2,0.5
197839,AK,ALASKA,STATE,PERTUSSIS,2,0.5
197851,AK,ALASKA,STATE,PERTUSSIS,2,0.5
198526,AK,ALASKA,STATE,PERTUSSIS,2,0.37
198731,AK,ALASKA,STATE,PERTUSSIS,2,0.37
199028,AK,ALASKA,STATE,PERTUSSIS,2,0.36
199042,AK,ALASKA,STATE,PERTUSSIS,2,0.36
199052,AK,ALASKA,STATE,PERTUSSIS,2,0.36
199106,AK,ALASKA,STATE,PERTUSSIS,2,0.35
199229,AK,ALASKA,STATE,PERTUSSIS,2,0.34
199241,AK,ALASKA,STATE,PERTUSSIS,2,0.34
200141,AK,ALASKA,STATE,PERTUSSIS,3,0.47
200509,AK,ALASKA,STATE,PERTUSSIS,3,0.45
200516,AK,ALASKA,STATE,PERTUSSIS,3,0.45
200523,AK,ALASKA,STATE,PERTUSSIS,3,0.45
200533,AK,ALASKA,STATE,PERTUSSIS,3,0.45
200543,AK,ALASKA,STATE,PERTUSSIS,3,0.45
200610,AK,ALASKA,STATE,PERTUSSIS,3,0.44
200629,AK,ALASKA,STATE,PERTUSSIS,3,0.44
200726,AK,ALASKA,STATE,PERTUSSIS,3,0.44
200728,AK,ALASKA,STATE,PERTUSSIS,3,0.44
200802,AK,ALASKA,STATE,PERTUSSIS,3,0.44
200815,AK,ALASKA,STATE,PERTUSSIS,3,0.44
200818,AK,ALASKA,STATE,PERTUSSIS,3,0.44
200828,AK,ALASKA,STATE,PERTUSSIS,3,0.44
200837,AK,ALASKA,STATE,PERTUSSIS,3,0.44
200838,AK,ALASKA,STATE,PERTUSSIS,3,0.44
200844,AK,ALASKA,STATE,PERTUSSIS,3,0.44
200901,AK,ALASKA,STATE,PERTUSSIS,3,0.43
200903,AK,ALASKA,STATE,PERTUSSIS,3,0.43
201019,AK,ALASKA,STATE,PERTUSSIS,3,0.42
201028,AK,ALASKA,STATE,PERTUSSIS,3,0.42
201032,AK,ALASKA,STATE,PERTUSSIS,3,0.42
201040,AK,ALASKA,STATE,PERTUSSIS,3,0.42
201050,AK,ALASKA,STATE,PERTUSSIS,3,0.42
201106,AK,ALASKA,STATE,PERTUSSIS,3,0.42
195028,AK,ALASKA,STATE,PERTUSSIS,3,2.22
195102,AK,ALASKA,STATE,PERTUSSIS,3,1.9
195134,AK,ALASKA,STATE,PERTUSSIS,3,1.9
195543,AK,ALASKA,STATE,PERTUSSIS,3,1.35
197733,AK,ALASKA,STATE,PERTUSSIS,3,0.74
197833,AK,ALASKA,STATE,PERTUSSIS,3,0.74
197916,AK,ALASKA,STATE,PERTUSSIS,3,0.75
197948,AK,ALASKA,STATE,PERTUSSIS,3,0.75
198733,AK,ALASKA,STATE,PERTUSSIS,3,0.55
199242,AK,ALASKA,STATE,PERTUSSIS,3,0.51
199834,AK,ALASKA,STATE,PERTUSSIS,4,0.65
200027,AK,ALASKA,STATE,PERTUSSIS,4,0.64
200542,AK,ALASKA,STATE,PERTUSSIS,4,0.6
200544,AK,ALASKA,STATE,PERTUSSIS,4,0.6
200733,AK,ALASKA,STATE,PERTUSSIS,4,0.59
200821,AK,ALASKA,STATE,PERTUSSIS,4,0.58
200822,AK,ALASKA,STATE,PERTUSSIS,4,0.58
201039,AK,ALASKA,STATE,PERTUSSIS,4,0.56
201105,AK,ALASKA,STATE,PERTUSSIS,4,0.55
195034,AK,ALASKA,STATE,PERTUSSIS,4,2.96
195045,AK,ALASKA,STATE,PERTUSSIS,4,2.96
195104,AK,ALASKA,STATE,PERTUSSIS,4,2.53
198336,AK,ALASKA,STATE,PERTUSSIS,4,0.78
198531,AK,ALASKA,STATE,PERTUSSIS,4,0.73
200031,AK,ALASKA,STATE,PERTUSSIS,5,0.8
200420,AK,ALASKA,STATE,PERTUSSIS,5,0.76
200508,AK,ALASKA,STATE,PERTUSSIS,5,0.75
200536,AK,ALASKA,STATE,PERTUSSIS,5,0.75
200549,AK,ALASKA,STATE,PERTUSSIS,5,0.75
200635,AK,ALASKA,STATE,PERTUSSIS,5,0.74
200831,AK,ALASKA,STATE,PERTUSSIS,5,0.73
200843,AK,ALASKA,STATE,PERTUSSIS,5,0.73
201033,AK,ALASKA,STATE,PERTUSSIS,5,0.71
195131,AK,ALASKA,STATE,PERTUSSIS,5,3.16
195545,AK,ALASKA,STATE,PERTUSSIS,5,2.25
200745,AK,ALASKA,STATE,PERTUSSIS,6,0.88
200832,AK,ALASKA,STATE,PERTUSSIS,6,0.87
200850,AK,ALASKA,STATE,PERTUSSIS,6,0.87
200852,AK,ALASKA,STATE,PERTUSSIS,6,0.87
195048,AK,ALASKA,STATE,PERTUSSIS,6,4.44
195103,AK,ALASKA,STATE,PERTUSSIS,6,3.8
195111,AK,ALASKA,STATE,PERTUSSIS,6,3.8
198524,AK,ALASKA,STATE,PERTUSSIS,6,1.1
199050,AK,ALASKA,STATE,PERTUSSIS,6,1.08
200538,AK,ALASKA,STATE,PERTUSSIS,7,1.05
200605,AK,ALASKA,STATE,PERTUSSIS,7,1.03
200834,AK,ALASKA,STATE,PERTUSSIS,7,1.02
200841,AK,ALASKA,STATE,PERTUSSIS,7,1.02
200842,AK,ALASKA,STATE,PERTUSSIS,7,1.02
200847,AK,ALASKA,STATE,PERTUSSIS,7,1.02
195050,AK,ALASKA,STATE,PERTUSSIS,7,5.19
200540,AK,ALASKA,STATE,PERTUSSIS,8,1.19
200829,AK,ALASKA,STATE,PERTUSSIS,8,1.16
200849,AK,ALASKA,STATE,PERTUSSIS,8,1.16
200851,AK,ALASKA,STATE,PERTUSSIS,8,1.16
200948,AK,ALASKA,STATE,PERTUSSIS,8,1.15
195142,AK,ALASKA,STATE,PERTUSSIS,8,5.06
199733,AK,ALASKA,STATE,PERTUSSIS,9,1.47
200537,AK,ALASKA,STATE,PERTUSSIS,9,1.34
200539,AK,ALASKA,STATE,PERTUSSIS,9,1.34
200541,AK,ALASKA,STATE,PERTUSSIS,9,1.34
200846,AK,ALASKA,STATE,PERTUSSIS,9,1.31
195030,AK,ALASKA,STATE,PERTUSSIS,9,6.67
195107,AK,ALASKA,STATE,PERTUSSIS,9,5.7
200532,AK,ALASKA,STATE,PERTUSSIS,10,1.49
200833,AK,ALASKA,STATE,PERTUSSIS,10,1.45
200845,AK,ALASKA,STATE,PERTUSSIS,10,1.45
195047,AK,ALASKA,STATE,PERTUSSIS,11,8.15
198528,AK,ALASKA,STATE,PERTUSSIS,12,2.2
200848,AK,ALASKA,STATE,PERTUSSIS,16,2.33
200839,AK,ALASKA,STATE,PERTUSSIS,17,2.47
200534,AK,ALASKA,STATE,PERTUSSIS,18,2.69
195533,AK,ALASKA,STATE,PERTUSSIS,19,8.56
195139,AK,ALASKA,STATE,PERTUSSIS,21,13.29
195536,AK,ALASKA,STATE,PERTUSSIS,21,9.46
200929,AK,ALASKA,STATE,PERTUSSIS,28,4.01
195025,AK,ALASKA,STATE,PERTUSSIS,30,22.219999
196609,AK,ALASKA,STATE,HEPATITIS A,2,0.74
196619,AK,ALASKA,STATE,HEPATITIS A,2,0.74
196646,AK,ALASKA,STATE,HEPATITIS A,2,0.74
196706,AK,ALASKA,STATE,HEPATITIS A,2,0.72
196712,AK,ALASKA,STATE,HEPATITIS A,2,0.72
196718,AK,ALASKA,STATE,HEPATITIS A,2,0.72
196730,AK,ALASKA,STATE,HEPATITIS A,2,0.72
196734,AK,ALASKA,STATE,HEPATITIS A,2,0.72
196736,AK,ALASKA,STATE,HEPATITIS A,2,0.72
196737,AK,ALASKA,STATE,HEPATITIS A,2,0.72
196751,AK,ALASKA,STATE,HEPATITIS A,2,0.72
196803,AK,ALASKA,STATE,HEPATITIS A,2,0.7
196806,AK,ALASKA,STATE,HEPATITIS A,2,0.7
196807,AK,ALASKA,STATE,HEPATITIS A,2,0.7
196808,AK,ALASKA,STATE,HEPATITIS A,2,0.7
196814,AK,ALASKA,STATE,HEPATITIS A,2,0.7
196831,AK,ALASKA,STATE,HEPATITIS A,2,0.7
196837,AK,ALASKA,STATE,HEPATITIS A,2,0.7
196846,AK,ALASKA,STATE,HEPATITIS A,2,0.7
196850,AK,ALASKA,STATE,HEPATITIS A,2,0.7
196902,AK,ALASKA,STATE,HEPATITIS A,2,0.68
196911,AK,ALASKA,STATE,HEPATITIS A,2,0.68
196930,AK,ALASKA,STATE,HEPATITIS A,2,0.68
196951,AK,ALASKA,STATE,HEPATITIS A,2,0.68
197004,AK,ALASKA,STATE,HEPATITIS A,2,0.63
197011,AK,ALASKA,STATE,HEPATITIS A,2,0.63
197013,AK,ALASKA,STATE,HEPATITIS A,2,0.63
197015,AK,ALASKA,STATE,HEPATITIS A,2,0.63
197017,AK,ALASKA,STATE,HEPATITIS A,2,0.63
197025,AK,ALASKA,STATE,HEPATITIS A,2,0.63
197032,AK,ALASKA,STATE,HEPATITIS A,2,0.63
197043,AK,ALASKA,STATE,HEPATITIS A,2,0.63
197045,AK,ALASKA,STATE,HEPATITIS A,2,0.63
197046,AK,ALASKA,STATE,HEPATITIS A,2,0.63
197050,AK,ALASKA,STATE,HEPATITIS A,2,0.63
197051,AK,ALASKA,STATE,HEPATITIS A,2,0.63
197107,AK,ALASKA,STATE,HEPATITIS A,2,0.62
197113,AK,ALASKA,STATE,HEPATITIS A,2,0.62
197114,AK,ALASKA,STATE,HEPATITIS A,2,0.62
197115,AK,ALASKA,STATE,HEPATITIS A,2,0.62
197116,AK,ALASKA,STATE,HEPATITIS A,2,0.62
197118,AK,ALASKA,STATE,HEPATITIS A,2,0.62
197121,AK,ALASKA,STATE,HEPATITIS A,2,0.62
197133,AK,ALASKA,STATE,HEPATITIS A,2,0.62
197137,AK,ALASKA,STATE,HEPATITIS A,2,0.62
197144,AK,ALASKA,STATE,HEPATITIS A,2,0.62
197145,AK,ALASKA,STATE,HEPATITIS A,2,0.62
197146,AK,ALASKA,STATE,HEPATITIS A,2,0.62
197207,AK,ALASKA,STATE,HEPATITIS A,2,0.61
197210,AK,ALASKA,STATE,HEPATITIS A,2,0.61
197212,AK,ALASKA,STATE,HEPATITIS A,2,0.61
197224,AK,ALASKA,STATE,HEPATITIS A,2,0.61
197231,AK,ALASKA,STATE,HEPATITIS A,2,0.61
197238,AK,ALASKA,STATE,HEPATITIS A,2,0.61
197242,AK,ALASKA,STATE,HEPATITIS A,2,0.61
197303,AK,ALASKA,STATE,HEPATITIS A,2,0.59
197308,AK,ALASKA,STATE,HEPATITIS A,2,0.59
197323,AK,ALASKA,STATE,HEPATITIS A,2,0.59
197324,AK,ALASKA,STATE,HEPATITIS A,2,0.59
197403,AK,ALASKA,STATE,HEPATITIS A,2,0.53
197404,AK,ALASKA,STATE,HEPATITIS A,2,0.53
197417,AK,ALASKA,STATE,HEPATITIS A,2,0.53
197418,AK,ALASKA,STATE,HEPATITIS A,2,0.53
197421,AK,ALASKA,STATE,HEPATITIS A,2,0.53
197448,AK,ALASKA,STATE,HEPATITIS A,2,0.53
197519,AK,ALASKA,STATE,HEPATITIS A,2,0.5
197528,AK,ALASKA,STATE,HEPATITIS A,2,0.5
197725,AK,ALASKA,STATE,HEPATITIS A,2,0.49
197739,AK,ALASKA,STATE,HEPATITIS A,2,0.49
197740,AK,ALASKA,STATE,HEPATITIS A,2,0.49
197748,AK,ALASKA,STATE,HEPATITIS A,2,0.49
197809,AK,ALASKA,STATE,HEPATITIS A,2,0.5
197814,AK,ALASKA,STATE,HEPATITIS A,2,0.5
197818,AK,ALASKA,STATE,HEPATITIS A,2,0.5
197820,AK,ALASKA,STATE,HEPATITIS A,2,0.5
197822,AK,ALASKA,STATE,HEPATITIS A,2,0.5
197828,AK,ALASKA,STATE,HEPATITIS A,2,0.5
197829,AK,ALASKA,STATE,HEPATITIS A,2,0.5
197832,AK,ALASKA,STATE,HEPATITIS A,2,0.5
197833,AK,ALASKA,STATE,HEPATITIS A,2,0.5
197842,AK,ALASKA,STATE,HEPATITIS A,2,0.5
197846,AK,ALASKA,STATE,HEPATITIS A,2,0.5
197912,AK,ALASKA,STATE,HEPATITIS A,2,0.5
197929,AK,ALASKA,STATE,HEPATITIS A,2,0.5
197930,AK,ALASKA,STATE,HEPATITIS A,2,0.5
197936,AK,ALASKA,STATE,HEPATITIS A,2,0.5
197944,AK,ALASKA,STATE,HEPATITIS A,2,0.5
197945,AK,ALASKA,STATE,HEPATITIS A,2,0.5
197950,AK,ALASKA,STATE,HEPATITIS A,2,0.5
197951,AK,ALASKA,STATE,HEPATITIS A,2,0.5
198002,AK,ALASKA,STATE,HEPATITIS A,2,0.48
198017,AK,ALASKA,STATE,HEPATITIS A,2,0.48
198020,AK,ALASKA,STATE,HEPATITIS A,2,0.48
198023,AK,ALASKA,STATE,HEPATITIS A,2,0.48
198123,AK,ALASKA,STATE,HEPATITIS A,2,0.44
198124,AK,ALASKA,STATE,HEPATITIS A,2,0.44
198132,AK,ALASKA,STATE,HEPATITIS A,2,0.44
198140,AK,ALASKA,STATE,HEPATITIS A,2,0.44
198220,AK,ALASKA,STATE,HEPATITIS A,2,0.41
198233,AK,ALASKA,STATE,HEPATITIS A,2,0.41
198306,AK,ALASKA,STATE,HEPATITIS A,2,0.39
198307,AK,ALASKA,STATE,HEPATITIS A,2,0.39
198308,AK,ALASKA,STATE,HEPATITIS A,2,0.39
198328,AK,ALASKA,STATE,HEPATITIS A,2,0.39
198333,AK,ALASKA,STATE,HEPATITIS A,2,0.39
198504,AK,ALASKA,STATE,HEPATITIS A,2,0.37
198510,AK,ALASKA,STATE,HEPATITIS A,2,0.37
198531,AK,ALASKA,STATE,HEPATITIS A,2,0.37
198638,AK,ALASKA,STATE,HEPATITIS A,2,0.37
198703,AK,ALASKA,STATE,HEPATITIS A,2,0.37
198709,AK,ALASKA,STATE,HEPATITIS A,2,0.37
198717,AK,ALASKA,STATE,HEPATITIS A,2,0.37
198718,AK,ALASKA,STATE,HEPATITIS A,2,0.37
198720,AK,ALASKA,STATE,HEPATITIS A,2,0.37
198721,AK,ALASKA,STATE,HEPATITIS A,2,0.37
198723,AK,ALASKA,STATE,HEPATITIS A,2,0.37
198728,AK,ALASKA,STATE,HEPATITIS A,2,0.37
198735,AK,ALASKA,STATE,HEPATITIS A,2,0.37
198736,AK,ALASKA,STATE,HEPATITIS A,2,0.37
198817,AK,ALASKA,STATE,HEPATITIS A,2,0.37
198920,AK,ALASKA,STATE,HEPATITIS A,2,0.36
198945,AK,ALASKA,STATE,HEPATITIS A,2,0.36
198950,AK,ALASKA,STATE,HEPATITIS A,2,0.36
199016,AK,ALASKA,STATE,HEPATITIS A,2,0.36
199021,AK,ALASKA,STATE,HEPATITIS A,2,0.36
199024,AK,ALASKA,STATE,HEPATITIS A,2,0.36
199034,AK,ALASKA,STATE,HEPATITIS A,2,0.36
199046,AK,ALASKA,STATE,HEPATITIS A,2,0.36
199104,AK,ALASKA,STATE,HEPATITIS A,2,0.35
199105,AK,ALASKA,STATE,HEPATITIS A,2,0.35
199109,AK,ALASKA,STATE,HEPATITIS A,2,0.35
199110,AK,ALASKA,STATE,HEPATITIS A,2,0.35
199123,AK,ALASKA,STATE,HEPATITIS A,2,0.35
199145,AK,ALASKA,STATE,HEPATITIS A,2,0.35
199210,AK,ALASKA,STATE,HEPATITIS A,2,0.34
199214,AK,ALASKA,STATE,HEPATITIS A,2,0.34
199215,AK,ALASKA,STATE,HEPATITIS A,2,0.34
199227,AK,ALASKA,STATE,HEPATITIS A,2,0.34
199229,AK,ALASKA,STATE,HEPATITIS A,2,0.34
199230,AK,ALASKA,STATE,HEPATITIS A,2,0.34
199232,AK,ALASKA,STATE,HEPATITIS A,2,0.34
199234,AK,ALASKA,STATE,HEPATITIS A,2,0.34
199237,AK,ALASKA,STATE,HEPATITIS A,2,0.34
199239,AK,ALASKA,STATE,HEPATITIS A,2,0.34
199331,AK,ALASKA,STATE,HEPATITIS A,2,0.33
199413,AK,ALASKA,STATE,HEPATITIS A,2,0.33
199439,AK,ALASKA,STATE,HEPATITIS A,2,0.33
199445,AK,ALASKA,STATE,HEPATITIS A,2,0.33
199525,AK,ALASKA,STATE,HEPATITIS A,2,0.33
199545,AK,ALASKA,STATE,HEPATITIS A,2,0.33
199625,AK,ALASKA,STATE,HEPATITIS A,2,0.33
199631,AK,ALASKA,STATE,HEPATITIS A,2,0.33
199639,AK,ALASKA,STATE,HEPATITIS A,2,0.33
199640,AK,ALASKA,STATE,HEPATITIS A,2,0.33
199647,AK,ALASKA,STATE,HEPATITIS A,2,0.33
199652,AK,ALASKA,STATE,HEPATITIS A,2,0.33
199716,AK,ALASKA,STATE,HEPATITIS A,2,0.33
199746,AK,ALASKA,STATE,HEPATITIS A,2,0.33
200043,AK,ALASKA,STATE,HEPATITIS A,2,0.32
200103,AK,ALASKA,STATE,HEPATITIS A,2,0.32
200211,AK,ALASKA,STATE,HEPATITIS A,2,0.31
200251,AK,ALASKA,STATE,HEPATITIS A,2,0.31
200311,AK,ALASKA,STATE,HEPATITIS A,2,0.31
200513,AK,ALASKA,STATE,HEPATITIS A,2,0.3
196607,AK,ALASKA,STATE,HEPATITIS A,3,1.11
196613,AK,ALASKA,STATE,HEPATITIS A,3,1.11
196633,AK,ALASKA,STATE,HEPATITIS A,3,1.11
196634,AK,ALASKA,STATE,HEPATITIS A,3,1.11
196637,AK,ALASKA,STATE,HEPATITIS A,3,1.11
196641,AK,ALASKA,STATE,HEPATITIS A,3,1.11
196749,AK,ALASKA,STATE,HEPATITIS A,3,1.08
196812,AK,ALASKA,STATE,HEPATITIS A,3,1.05
196826,AK,ALASKA,STATE,HEPATITIS A,3,1.05
196828,AK,ALASKA,STATE,HEPATITIS A,3,1.05
196838,AK,ALASKA,STATE,HEPATITIS A,3,1.05
196843,AK,ALASKA,STATE,HEPATITIS A,3,1.05
196844,AK,ALASKA,STATE,HEPATITIS A,3,1.05
196849,AK,ALASKA,STATE,HEPATITIS A,3,1.05
196906,AK,ALASKA,STATE,HEPATITIS A,3,1.01
196916,AK,ALASKA,STATE,HEPATITIS A,3,1.01
196917,AK,ALASKA,STATE,HEPATITIS A,3,1.01
196932,AK,ALASKA,STATE,HEPATITIS A,3,1.01
196943,AK,ALASKA,STATE,HEPATITIS A,3,1.01
196952,AK,ALASKA,STATE,HEPATITIS A,3,1.01
197009,AK,ALASKA,STATE,HEPATITIS A,3,0.95
197018,AK,ALASKA,STATE,HEPATITIS A,3,0.95
197019,AK,ALASKA,STATE,HEPATITIS A,3,0.95
197033,AK,ALASKA,STATE,HEPATITIS A,3,0.95
197037,AK,ALASKA,STATE,HEPATITIS A,3,0.95
197041,AK,ALASKA,STATE,HEPATITIS A,3,0.95
197047,AK,ALASKA,STATE,HEPATITIS A,3,0.95
197106,AK,ALASKA,STATE,HEPATITIS A,3,0.92
197120,AK,ALASKA,STATE,HEPATITIS A,3,0.92
197125,AK,ALASKA,STATE,HEPATITIS A,3,0.92
197140,AK,ALASKA,STATE,HEPATITIS A,3,0.92
197233,AK,ALASKA,STATE,HEPATITIS A,3,0.91
197352,AK,ALASKA,STATE,HEPATITIS A,3,0.88
197414,AK,ALASKA,STATE,HEPATITIS A,3,0.8
197422,AK,ALASKA,STATE,HEPATITIS A,3,0.8
197427,AK,ALASKA,STATE,HEPATITIS A,3,0.8
197430,AK,ALASKA,STATE,HEPATITIS A,3,0.8
197735,AK,ALASKA,STATE,HEPATITIS A,3,0.74
197742,AK,ALASKA,STATE,HEPATITIS A,3,0.74
197751,AK,ALASKA,STATE,HEPATITIS A,3,0.74
197813,AK,ALASKA,STATE,HEPATITIS A,3,0.74
197824,AK,ALASKA,STATE,HEPATITIS A,3,0.74
197834,AK,ALASKA,STATE,HEPATITIS A,3,0.74
197910,AK,ALASKA,STATE,HEPATITIS A,3,0.75
197928,AK,ALASKA,STATE,HEPATITIS A,3,0.75
198119,AK,ALASKA,STATE,HEPATITIS A,3,0.67
198137,AK,ALASKA,STATE,HEPATITIS A,3,0.67
198152,AK,ALASKA,STATE,HEPATITIS A,3,0.67
198616,AK,ALASKA,STATE,HEPATITIS A,3,0.56
198622,AK,ALASKA,STATE,HEPATITIS A,3,0.56
198713,AK,ALASKA,STATE,HEPATITIS A,3,0.55
198716,AK,ALASKA,STATE,HEPATITIS A,3,0.55
198719,AK,ALASKA,STATE,HEPATITIS A,3,0.55
198810,AK,ALASKA,STATE,HEPATITIS A,3,0.55
198823,AK,ALASKA,STATE,HEPATITIS A,3,0.55
199007,AK,ALASKA,STATE,HEPATITIS A,3,0.54
199028,AK,ALASKA,STATE,HEPATITIS A,3,0.54
199040,AK,ALASKA,STATE,HEPATITIS A,3,0.54
199048,AK,ALASKA,STATE,HEPATITIS A,3,0.54
199051,AK,ALASKA,STATE,HEPATITIS A,3,0.54
199103,AK,ALASKA,STATE,HEPATITIS A,3,0.53
199217,AK,ALASKA,STATE,HEPATITIS A,3,0.51
199238,AK,ALASKA,STATE,HEPATITIS A,3,0.51
199346,AK,ALASKA,STATE,HEPATITIS A,3,0.5
199403,AK,ALASKA,STATE,HEPATITIS A,3,0.5
199414,AK,ALASKA,STATE,HEPATITIS A,3,0.5
199437,AK,ALASKA,STATE,HEPATITIS A,3,0.5
199549,AK,ALASKA,STATE,HEPATITIS A,3,0.5
199645,AK,ALASKA,STATE,HEPATITIS A,3,0.49
199710,AK,ALASKA,STATE,HEPATITIS A,3,0.49
199722,AK,ALASKA,STATE,HEPATITIS A,3,0.49
199747,AK,ALASKA,STATE,HEPATITIS A,3,0.49
200104,AK,ALASKA,STATE,HEPATITIS A,3,0.47
200929,AK,ALASKA,STATE,HEPATITIS A,3,0.43
196621,AK,ALASKA,STATE,HEPATITIS A,4,1.48
196747,AK,ALASKA,STATE,HEPATITIS A,4,1.44
196801,AK,ALASKA,STATE,HEPATITIS A,4,1.4
196835,AK,ALASKA,STATE,HEPATITIS A,4,1.4
196938,AK,ALASKA,STATE,HEPATITIS A,4,1.35
197016,AK,ALASKA,STATE,HEPATITIS A,4,1.27
197039,AK,ALASKA,STATE,HEPATITIS A,4,1.27
197104,AK,ALASKA,STATE,HEPATITIS A,4,1.23
197203,AK,ALASKA,STATE,HEPATITIS A,4,1.21
197211,AK,ALASKA,STATE,HEPATITIS A,4,1.21
197225,AK,ALASKA,STATE,HEPATITIS A,4,1.21
197228,AK,ALASKA,STATE,HEPATITIS A,4,1.21
197237,AK,ALASKA,STATE,HEPATITIS A,4,1.21
197313,AK,ALASKA,STATE,HEPATITIS A,4,1.17
197314,AK,ALASKA,STATE,HEPATITIS A,4,1.17
197315,AK,ALASKA,STATE,HEPATITIS A,4,1.17
197316,AK,ALASKA,STATE,HEPATITIS A,4,1.17
197322,AK,ALASKA,STATE,HEPATITIS A,4,1.17
197335,AK,ALASKA,STATE,HEPATITIS A,4,1.17
197511,AK,ALASKA,STATE,HEPATITIS A,4,1.0
197535,AK,ALASKA,STATE,HEPATITIS A,4,1.0
197549,AK,ALASKA,STATE,HEPATITIS A,4,1.0
197552,AK,ALASKA,STATE,HEPATITIS A,4,1.0
197601,AK,ALASKA,STATE,HEPATITIS A,4,0.99
197727,AK,ALASKA,STATE,HEPATITIS A,4,0.99
197802,AK,ALASKA,STATE,HEPATITIS A,4,0.99
197907,AK,ALASKA,STATE,HEPATITIS A,4,1.0
197935,AK,ALASKA,STATE,HEPATITIS A,4,1.0
198126,AK,ALASKA,STATE,HEPATITIS A,4,0.89
198319,AK,ALASKA,STATE,HEPATITIS A,4,0.78
198334,AK,ALASKA,STATE,HEPATITIS A,4,0.78
198443,AK,ALASKA,STATE,HEPATITIS A,4,0.75
198502,AK,ALASKA,STATE,HEPATITIS A,4,0.73
198623,AK,ALASKA,STATE,HEPATITIS A,4,0.74
198631,AK,ALASKA,STATE,HEPATITIS A,4,0.74
198708,AK,ALASKA,STATE,HEPATITIS A,4,0.74
198722,AK,ALASKA,STATE,HEPATITIS A,4,0.74
198740,AK,ALASKA,STATE,HEPATITIS A,4,0.74
198742,AK,ALASKA,STATE,HEPATITIS A,4,0.74
198745,AK,ALASKA,STATE,HEPATITIS A,4,0.74
198752,AK,ALASKA,STATE,HEPATITIS A,4,0.74
198813,AK,ALASKA,STATE,HEPATITIS A,4,0.73
198824,AK,ALASKA,STATE,HEPATITIS A,4,0.73
198921,AK,ALASKA,STATE,HEPATITIS A,4,0.73
198939,AK,ALASKA,STATE,HEPATITIS A,4,0.73
199010,AK,ALASKA,STATE,HEPATITIS A,4,0.72
199027,AK,ALASKA,STATE,HEPATITIS A,4,0.72
199047,AK,ALASKA,STATE,HEPATITIS A,4,0.72
199112,AK,ALASKA,STATE,HEPATITIS A,4,0.7
199127,AK,ALASKA,STATE,HEPATITIS A,4,0.7
199337,AK,ALASKA,STATE,HEPATITIS A,4,0.67
199341,AK,ALASKA,STATE,HEPATITIS A,4,0.67
199419,AK,ALASKA,STATE,HEPATITIS A,4,0.66
199422,AK,ALASKA,STATE,HEPATITIS A,4,0.66
199508,AK,ALASKA,STATE,HEPATITIS A,4,0.66
199606,AK,ALASKA,STATE,HEPATITIS A,4,0.66
196643,AK,ALASKA,STATE,HEPATITIS A,5,1.85
196725,AK,ALASKA,STATE,HEPATITIS A,5,1.8
196908,AK,ALASKA,STATE,HEPATITIS A,5,1.69
196913,AK,ALASKA,STATE,HEPATITIS A,5,1.69
196921,AK,ALASKA,STATE,HEPATITIS A,5,1.69
197028,AK,ALASKA,STATE,HEPATITIS A,5,1.58
197135,AK,ALASKA,STATE,HEPATITIS A,5,1.54
197201,AK,ALASKA,STATE,HEPATITIS A,5,1.51
197206,AK,ALASKA,STATE,HEPATITIS A,5,1.51
197208,AK,ALASKA,STATE,HEPATITIS A,5,1.51
197214,AK,ALASKA,STATE,HEPATITIS A,5,1.51
197230,AK,ALASKA,STATE,HEPATITIS A,5,1.51
197433,AK,ALASKA,STATE,HEPATITIS A,5,1.33
197434,AK,ALASKA,STATE,HEPATITIS A,5,1.33
197440,AK,ALASKA,STATE,HEPATITIS A,5,1.33
197502,AK,ALASKA,STATE,HEPATITIS A,5,1.25
197510,AK,ALASKA,STATE,HEPATITIS A,5,1.25
197706,AK,ALASKA,STATE,HEPATITIS A,5,1.24
197732,AK,ALASKA,STATE,HEPATITIS A,5,1.24
197741,AK,ALASKA,STATE,HEPATITIS A,5,1.24
197747,AK,ALASKA,STATE,HEPATITIS A,5,1.24
197752,AK,ALASKA,STATE,HEPATITIS A,5,1.24
197806,AK,ALASKA,STATE,HEPATITIS A,5,1.24
197811,AK,ALASKA,STATE,HEPATITIS A,5,1.24
197825,AK,ALASKA,STATE,HEPATITIS A,5,1.24
198652,AK,ALASKA,STATE,HEPATITIS A,5,0.93
198741,AK,ALASKA,STATE,HEPATITIS A,5,0.92
198747,AK,ALASKA,STATE,HEPATITIS A,5,0.92
198812,AK,ALASKA,STATE,HEPATITIS A,5,0.91
198815,AK,ALASKA,STATE,HEPATITIS A,5,0.91
198846,AK,ALASKA,STATE,HEPATITIS A,5,0.91
199006,AK,ALASKA,STATE,HEPATITIS A,5,0.9
199009,AK,ALASKA,STATE,HEPATITIS A,5,0.9
199015,AK,ALASKA,STATE,HEPATITIS A,5,0.9
199121,AK,ALASKA,STATE,HEPATITIS A,5,0.88
199247,AK,ALASKA,STATE,HEPATITIS A,5,0.85
199412,AK,ALASKA,STATE,HEPATITIS A,5,0.83
199436,AK,ALASKA,STATE,HEPATITIS A,5,0.83
199438,AK,ALASKA,STATE,HEPATITIS A,5,0.83
199442,AK,ALASKA,STATE,HEPATITIS A,5,0.83
199529,AK,ALASKA,STATE,HEPATITIS A,5,0.83
199541,AK,ALASKA,STATE,HEPATITIS A,5,0.83
199614,AK,ALASKA,STATE,HEPATITIS A,5,0.82
196602,AK,ALASKA,STATE,HEPATITIS A,6,2.21
196624,AK,ALASKA,STATE,HEPATITIS A,6,2.21
196636,AK,ALASKA,STATE,HEPATITIS A,6,2.21
197042,AK,ALASKA,STATE,HEPATITIS A,6,1.9
197142,AK,ALASKA,STATE,HEPATITIS A,6,1.85
197221,AK,ALASKA,STATE,HEPATITIS A,6,1.82
197250,AK,ALASKA,STATE,HEPATITIS A,6,1.82
197345,AK,ALASKA,STATE,HEPATITIS A,6,1.76
197523,AK,ALASKA,STATE,HEPATITIS A,6,1.5
197546,AK,ALASKA,STATE,HEPATITIS A,6,1.5
197804,AK,ALASKA,STATE,HEPATITIS A,6,1.49
197817,AK,ALASKA,STATE,HEPATITIS A,6,1.49
198129,AK,ALASKA,STATE,HEPATITIS A,6,1.33
198150,AK,ALASKA,STATE,HEPATITIS A,6,1.33
198317,AK,ALASKA,STATE,HEPATITIS A,6,1.17
198321,AK,ALASKA,STATE,HEPATITIS A,6,1.17
198645,AK,ALASKA,STATE,HEPATITIS A,6,1.11
198705,AK,ALASKA,STATE,HEPATITIS A,6,1.11
198744,AK,ALASKA,STATE,HEPATITIS A,6,1.11
198748,AK,ALASKA,STATE,HEPATITIS A,6,1.11
198840,AK,ALASKA,STATE,HEPATITIS A,6,1.1
198947,AK,ALASKA,STATE,HEPATITIS A,6,1.09
199030,AK,ALASKA,STATE,HEPATITIS A,6,1.08
199035,AK,ALASKA,STATE,HEPATITIS A,6,1.08
199041,AK,ALASKA,STATE,HEPATITIS A,6,1.08
199042,AK,ALASKA,STATE,HEPATITIS A,6,1.08
199050,AK,ALASKA,STATE,HEPATITIS A,6,1.08
199417,AK,ALASKA,STATE,HEPATITIS A,6,0.99
199440,AK,ALASKA,STATE,HEPATITIS A,6,0.99
199607,AK,ALASKA,STATE,HEPATITIS A,6,0.99
196819,AK,ALASKA,STATE,HEPATITIS A,7,2.46
197209,AK,ALASKA,STATE,HEPATITIS A,7,2.12
197219,AK,ALASKA,STATE,HEPATITIS A,7,2.12
197348,AK,ALASKA,STATE,HEPATITIS A,7,2.05
197349,AK,ALASKA,STATE,HEPATITIS A,7,2.05
197410,AK,ALASKA,STATE,HEPATITIS A,7,1.86
197413,AK,ALASKA,STATE,HEPATITIS A,7,1.86
197522,AK,ALASKA,STATE,HEPATITIS A,7,1.75
197532,AK,ALASKA,STATE,HEPATITIS A,7,1.75
197543,AK,ALASKA,STATE,HEPATITIS A,7,1.75
197712,AK,ALASKA,STATE,HEPATITIS A,7,1.73
197738,AK,ALASKA,STATE,HEPATITIS A,7,1.73
197744,AK,ALASKA,STATE,HEPATITIS A,7,1.73
197819,AK,ALASKA,STATE,HEPATITIS A,7,1.74
198642,AK,ALASKA,STATE,HEPATITIS A,7,1.3
198749,AK,ALASKA,STATE,HEPATITIS A,7,1.29
198750,AK,ALASKA,STATE,HEPATITIS A,7,1.29
198848,AK,ALASKA,STATE,HEPATITIS A,7,1.28
198927,AK,ALASKA,STATE,HEPATITIS A,7,1.27
198932,AK,ALASKA,STATE,HEPATITIS A,7,1.27
199008,AK,ALASKA,STATE,HEPATITIS A,7,1.27
199025,AK,ALASKA,STATE,HEPATITIS A,7,1.27
199039,AK,ALASKA,STATE,HEPATITIS A,7,1.27
199306,AK,ALASKA,STATE,HEPATITIS A,7,1.17
199406,AK,ALASKA,STATE,HEPATITIS A,7,1.16
199504,AK,ALASKA,STATE,HEPATITIS A,7,1.16
199609,AK,ALASKA,STATE,HEPATITIS A,7,1.15
196845,AK,ALASKA,STATE,HEPATITIS A,8,2.81
197213,AK,ALASKA,STATE,HEPATITIS A,8,2.42
197350,AK,ALASKA,STATE,HEPATITIS A,8,2.35
197524,AK,ALASKA,STATE,HEPATITIS A,8,2.0
197550,AK,ALASKA,STATE,HEPATITIS A,8,2.0
197721,AK,ALASKA,STATE,HEPATITIS A,8,1.98
197734,AK,ALASKA,STATE,HEPATITIS A,8,1.98
197816,AK,ALASKA,STATE,HEPATITIS A,8,1.99
198648,AK,ALASKA,STATE,HEPATITIS A,8,1.48
198706,AK,ALASKA,STATE,HEPATITIS A,8,1.48
198707,AK,ALASKA,STATE,HEPATITIS A,8,1.48
198737,AK,ALASKA,STATE,HEPATITIS A,8,1.48
198814,AK,ALASKA,STATE,HEPATITIS A,8,1.46
198929,AK,ALASKA,STATE,HEPATITIS A,8,1.45
199020,AK,ALASKA,STATE,HEPATITIS A,8,1.45
199031,AK,ALASKA,STATE,HEPATITIS A,8,1.45
199314,AK,ALASKA,STATE,HEPATITIS A,8,1.33
199427,AK,ALASKA,STATE,HEPATITIS A,8,1.33
197108,AK,ALASKA,STATE,HEPATITIS A,9,2.77
197109,AK,ALASKA,STATE,HEPATITIS A,9,2.77
197218,AK,ALASKA,STATE,HEPATITIS A,9,2.72
197226,AK,ALASKA,STATE,HEPATITIS A,9,2.72
197346,AK,ALASKA,STATE,HEPATITIS A,9,2.64
197408,AK,ALASKA,STATE,HEPATITIS A,9,2.39
197501,AK,ALASKA,STATE,HEPATITIS A,9,2.24
197537,AK,ALASKA,STATE,HEPATITIS A,9,2.24
197551,AK,ALASKA,STATE,HEPATITIS A,9,2.24
197729,AK,ALASKA,STATE,HEPATITIS A,9,2.22
197812,AK,ALASKA,STATE,HEPATITIS A,9,2.23
198701,AK,ALASKA,STATE,HEPATITIS A,9,1.66
198739,AK,ALASKA,STATE,HEPATITIS A,9,1.66
198828,AK,ALASKA,STATE,HEPATITIS A,9,1.64
198851,AK,ALASKA,STATE,HEPATITIS A,9,1.64
199033,AK,ALASKA,STATE,HEPATITIS A,9,1.63
199335,AK,ALASKA,STATE,HEPATITIS A,9,1.5
199336,AK,ALASKA,STATE,HEPATITIS A,9,1.5
199429,AK,ALASKA,STATE,HEPATITIS A,9,1.49
196628,AK,ALASKA,STATE,HEPATITIS A,10,3.69
197318,AK,ALASKA,STATE,HEPATITIS A,10,2.93
197415,AK,ALASKA,STATE,HEPATITIS A,10,2.66
197451,AK,ALASKA,STATE,HEPATITIS A,10,2.66
198715,AK,ALASKA,STATE,HEPATITIS A,10,1.85
199029,AK,ALASKA,STATE,HEPATITIS A,10,1.81
199108,AK,ALASKA,STATE,HEPATITIS A,10,1.75
199405,AK,ALASKA,STATE,HEPATITIS A,10,1.66
199411,AK,ALASKA,STATE,HEPATITIS A,10,1.66
196610,AK,ALASKA,STATE,HEPATITIS A,11,4.06
197103,AK,ALASKA,STATE,HEPATITIS A,11,3.39
197150,AK,ALASKA,STATE,HEPATITIS A,11,3.39
197251,AK,ALASKA,STATE,HEPATITIS A,11,3.33
197707,AK,ALASKA,STATE,HEPATITIS A,11,2.72
197826,AK,ALASKA,STATE,HEPATITIS A,11,2.73
198704,AK,ALASKA,STATE,HEPATITIS A,11,2.03
198710,AK,ALASKA,STATE,HEPATITIS A,11,2.03
198712,AK,ALASKA,STATE,HEPATITIS A,11,2.03
198751,AK,ALASKA,STATE,HEPATITIS A,11,2.03
198806,AK,ALASKA,STATE,HEPATITIS A,11,2.01
198821,AK,ALASKA,STATE,HEPATITIS A,11,2.01
198909,AK,ALASKA,STATE,HEPATITIS A,11,2.0
198928,AK,ALASKA,STATE,HEPATITIS A,11,2.0
198938,AK,ALASKA,STATE,HEPATITIS A,11,2.0
199022,AK,ALASKA,STATE,HEPATITIS A,11,1.99
199225,AK,ALASKA,STATE,HEPATITIS A,11,1.87
199424,AK,ALASKA,STATE,HEPATITIS A,11,1.82
199432,AK,ALASKA,STATE,HEPATITIS A,11,1.82
196852,AK,ALASKA,STATE,HEPATITIS A,12,4.21
197215,AK,ALASKA,STATE,HEPATITIS A,12,3.63
198711,AK,ALASKA,STATE,HEPATITIS A,12,2.21
198807,AK,ALASKA,STATE,HEPATITIS A,12,2.19
198949,AK,ALASKA,STATE,HEPATITIS A,12,2.18
197312,AK,ALASKA,STATE,HEPATITIS A,13,3.81
197506,AK,ALASKA,STATE,HEPATITIS A,13,3.24
198650,AK,ALASKA,STATE,HEPATITIS A,13,2.41
198702,AK,ALASKA,STATE,HEPATITIS A,13,2.4
198913,AK,ALASKA,STATE,HEPATITIS A,13,2.36
198922,AK,ALASKA,STATE,HEPATITIS A,13,2.36
199329,AK,ALASKA,STATE,HEPATITIS A,13,2.17
197014,AK,ALASKA,STATE,HEPATITIS A,14,4.44
197512,AK,ALASKA,STATE,HEPATITIS A,14,3.49
197540,AK,ALASKA,STATE,HEPATITIS A,14,3.49
197708,AK,ALASKA,STATE,HEPATITIS A,14,3.46
197803,AK,ALASKA,STATE,HEPATITIS A,14,3.48
198910,AK,ALASKA,STATE,HEPATITIS A,14,2.55
199330,AK,ALASKA,STATE,HEPATITIS A,14,2.34
199347,AK,ALASKA,STATE,HEPATITIS A,14,2.34
197518,AK,ALASKA,STATE,HEPATITIS A,15,3.74
198903,AK,ALASKA,STATE,HEPATITIS A,15,2.73
198907,AK,ALASKA,STATE,HEPATITIS A,15,2.73
197443,AK,ALASKA,STATE,HEPATITIS A,16,4.25
197541,AK,ALASKA,STATE,HEPATITIS A,16,3.99
197711,AK,ALASKA,STATE,HEPATITIS A,16,3.95
197920,AK,ALASKA,STATE,HEPATITIS A,16,3.98
198733,AK,ALASKA,STATE,HEPATITIS A,16,2.95
199005,AK,ALASKA,STATE,HEPATITIS A,16,2.89
199325,AK,ALASKA,STATE,HEPATITIS A,16,2.67
197244,AK,ALASKA,STATE,HEPATITIS A,17,5.14
197507,AK,ALASKA,STATE,HEPATITIS A,17,4.24
199250,AK,ALASKA,STATE,HEPATITIS A,17,2.89
197246,AK,ALASKA,STATE,HEPATITIS A,18,5.45
197339,AK,ALASKA,STATE,HEPATITIS A,18,5.28
197529,AK,ALASKA,STATE,HEPATITIS A,18,4.49
198937,AK,ALASKA,STATE,HEPATITIS A,18,3.27
197608,AK,ALASKA,STATE,HEPATITIS A,19,4.71
197709,AK,ALASKA,STATE,HEPATITIS A,19,4.69
197731,AK,ALASKA,STATE,HEPATITIS A,19,4.69
198940,AK,ALASKA,STATE,HEPATITIS A,19,3.45
199321,AK,ALASKA,STATE,HEPATITIS A,19,3.17
199324,AK,ALASKA,STATE,HEPATITIS A,19,3.17
197217,AK,ALASKA,STATE,HEPATITIS A,20,6.05
197604,AK,ALASKA,STATE,HEPATITIS A,20,4.96
198841,AK,ALASKA,STATE,HEPATITIS A,21,3.84
199332,AK,ALASKA,STATE,HEPATITIS A,21,3.5
199348,AK,ALASKA,STATE,HEPATITIS A,21,3.5
197724,AK,ALASKA,STATE,HEPATITIS A,22,5.44
198843,AK,ALASKA,STATE,HEPATITIS A,23,4.2
198904,AK,ALASKA,STATE,HEPATITIS A,23,4.18
197406,AK,ALASKA,STATE,HEPATITIS A,24,6.38
198831,AK,ALASKA,STATE,HEPATITIS A,24,4.39
197525,AK,ALASKA,STATE,HEPATITIS A,25,6.23
198912,AK,ALASKA,STATE,HEPATITIS A,25,4.55
199313,AK,ALASKA,STATE,HEPATITIS A,25,4.17
199326,AK,ALASKA,STATE,HEPATITIS A,25,4.17
197718,AK,ALASKA,STATE,HEPATITIS A,26,6.42
199334,AK,ALASKA,STATE,HEPATITIS A,27,4.5
197030,AK,ALASKA,STATE,HEPATITIS A,28,8.87
197505,AK,ALASKA,STATE,HEPATITIS A,28,6.98
197713,AK,ALASKA,STATE,HEPATITIS A,28,6.92
198850,AK,ALASKA,STATE,HEPATITIS A,28,5.12
199327,AK,ALASKA,STATE,HEPATITIS A,29,4.84
198849,AK,ALASKA,STATE,HEPATITIS A,30,5.48
197342,AK,ALASKA,STATE,HEPATITIS A,31,9.09
197449,AK,ALASKA,STATE,HEPATITIS A,31,8.24
197723,AK,ALASKA,STATE,HEPATITIS A,31,7.66
198908,AK,ALASKA,STATE,HEPATITIS A,31,5.64
198917,AK,ALASKA,STATE,HEPATITIS A,31,5.64
197746,AK,ALASKA,STATE,HEPATITIS A,32,7.91
197341,AK,ALASKA,STATE,HEPATITIS A,33,9.68
198905,AK,ALASKA,STATE,HEPATITIS A,33,6.0
198911,AK,ALASKA,STATE,HEPATITIS A,34,6.18
197702,AK,ALASKA,STATE,HEPATITIS A,35,8.65
198906,AK,ALASKA,STATE,HEPATITIS A,35,6.36
198901,AK,ALASKA,STATE,HEPATITIS A,37,6.73
199338,AK,ALASKA,STATE,HEPATITIS A,37,6.17
197334,AK,ALASKA,STATE,HEPATITIS A,38,11.14
198830,AK,ALASKA,STATE,HEPATITIS A,38,6.94
199114,AK,ALASKA,STATE,HEPATITIS A,38,6.66
199408,AK,ALASKA,STATE,HEPATITIS A,38,6.3
197542,AK,ALASKA,STATE,HEPATITIS A,40,9.98
197716,AK,ALASKA,STATE,HEPATITIS A,40,9.88
197710,AK,ALASKA,STATE,HEPATITIS A,45,11.12
197504,AK,ALASKA,STATE,HEPATITIS A,48,11.97
197509,AK,ALASKA,STATE,HEPATITIS A,48,11.97
198946,AK,ALASKA,STATE,HEPATITIS A,48,8.73
199320,AK,ALASKA,STATE,HEPATITIS A,48,8.01
197705,AK,ALASKA,STATE,HEPATITIS A,55,13.59
197704,AK,ALASKA,STATE,HEPATITIS A,61,15.07
197613,AK,ALASKA,STATE,HEPATITIS A,75,18.59
197652,AK,ALASKA,STATE,HEPATITIS A,76,18.84
197647,AK,ALASKA,STATE,HEPATITIS A,78,19.33
197634,AK,ALASKA,STATE,HEPATITIS A,79,19.58
197446,AK,ALASKA,STATE,HEPATITIS A,87,23.129999
197621,AK,ALASKA,STATE,HEPATITIS A,94,23.299999
197639,AK,ALASKA,STATE,HEPATITIS A,102,25.280001
197630,AK,ALASKA,STATE,HEPATITIS A,121,29.99
197643,AK,ALASKA,STATE,HEPATITIS A,121,29.99
197617,AK,ALASKA,STATE,HEPATITIS A,137,33.959999
197626,AK,ALASKA,STATE,HEPATITIS A,168,41.639999
196822,AL,ALABAMA,STATE,MUMPS,2,0.06
196834,AL,ALABAMA,STATE,MUMPS,2,0.06
196839,AL,ALABAMA,STATE,MUMPS,2,0.06
196840,AL,ALABAMA,STATE,MUMPS,2,0.06
196850,AL,ALABAMA,STATE,MUMPS,2,0.06
196851,AL,ALABAMA,STATE,MUMPS,2,0.06
196919,AL,ALABAMA,STATE,MUMPS,2,0.06
196935,AL,ALABAMA,STATE,MUMPS,2,0.06
196938,AL,ALABAMA,STATE,MUMPS,2,0.06
196940,AL,ALABAMA,STATE,MUMPS,2,0.06
197024,AL,ALABAMA,STATE,MUMPS,2,0.06
197028,AL,ALABAMA,STATE,MUMPS,2,0.06
197040,AL,ALABAMA,STATE,MUMPS,2,0.06
197127,AL,ALABAMA,STATE,MUMPS,2,0.06
197132,AL,ALABAMA,STATE,MUMPS,2,0.06
197133,AL,ALABAMA,STATE,MUMPS,2,0.06
197134,AL,ALABAMA,STATE,MUMPS,2,0.06
197235,AL,ALABAMA,STATE,MUMPS,2,0.06
197242,AL,ALABAMA,STATE,MUMPS,2,0.06
197336,AL,ALABAMA,STATE,MUMPS,2,0.06
197337,AL,ALABAMA,STATE,MUMPS,2,0.06
197340,AL,ALABAMA,STATE,MUMPS,2,0.06
197430,AL,ALABAMA,STATE,MUMPS,2,0.05
197431,AL,ALABAMA,STATE,MUMPS,2,0.05
197444,AL,ALABAMA,STATE,MUMPS,2,0.05
197447,AL,ALABAMA,STATE,MUMPS,2,0.05
197506,AL,ALABAMA,STATE,MUMPS,2,0.05
197534,AL,ALABAMA,STATE,MUMPS,2,0.05
197537,AL,ALABAMA,STATE,MUMPS,2,0.05
197608,AL,ALABAMA,STATE,MUMPS,2,0.05
197620,AL,ALABAMA,STATE,MUMPS,2,0.05
197630,AL,ALABAMA,STATE,MUMPS,2,0.05
197634,AL,ALABAMA,STATE,MUMPS,2,0.05
197639,AL,ALABAMA,STATE,MUMPS,2,0.05
197647,AL,ALABAMA,STATE,MUMPS,2,0.05
197722,AL,ALABAMA,STATE,MUMPS,2,0.05
197727,AL,ALABAMA,STATE,MUMPS,2,0.05
197729,AL,ALABAMA,STATE,MUMPS,2,0.05
197731,AL,ALABAMA,STATE,MUMPS,2,0.05
197732,AL,ALABAMA,STATE,MUMPS,2,0.05
197740,AL,ALABAMA,STATE,MUMPS,2,0.05
197744,AL,ALABAMA,STATE,MUMPS,2,0.05
197748,AL,ALABAMA,STATE,MUMPS,2,0.05
197804,AL,ALABAMA,STATE,MUMPS,2,0.05
197805,AL,ALABAMA,STATE,MUMPS,2,0.05
197833,AL,ALABAMA,STATE,MUMPS,2,0.05
197840,AL,ALABAMA,STATE,MUMPS,2,0.05
197842,AL,ALABAMA,STATE,MUMPS,2,0.05
197850,AL,ALABAMA,STATE,MUMPS,2,0.05
197923,AL,ALABAMA,STATE,MUMPS,2,0.05
197924,AL,ALABAMA,STATE,MUMPS,2,0.05
197929,AL,ALABAMA,STATE,MUMPS,2,0.05
197947,AL,ALABAMA,STATE,MUMPS,2,0.05
197950,AL,ALABAMA,STATE,MUMPS,2,0.05
198005,AL,ALABAMA,STATE,MUMPS,2,0.05
198023,AL,ALABAMA,STATE,MUMPS,2,0.05
198035,AL,ALABAMA,STATE,MUMPS,2,0.05
198103,AL,ALABAMA,STATE,MUMPS,2,0.05
198107,AL,ALABAMA,STATE,MUMPS,2,0.05
198113,AL,ALABAMA,STATE,MUMPS,2,0.05
198130,AL,ALABAMA,STATE,MUMPS,2,0.05
198143,AL,ALABAMA,STATE,MUMPS,2,0.05
198235,AL,ALABAMA,STATE,MUMPS,2,0.05
198713,AL,ALABAMA,STATE,MUMPS,2,0.05
198719,AL,ALABAMA,STATE,MUMPS,2,0.05
198720,AL,ALABAMA,STATE,MUMPS,2,0.05
198736,AL,ALABAMA,STATE,MUMPS,2,0.05
198810,AL,ALABAMA,STATE,MUMPS,2,0.05
198815,AL,ALABAMA,STATE,MUMPS,2,0.05
198826,AL,ALABAMA,STATE,MUMPS,2,0.05
198840,AL,ALABAMA,STATE,MUMPS,2,0.05
198922,AL,ALABAMA,STATE,MUMPS,2,0.05
198923,AL,ALABAMA,STATE,MUMPS,2,0.05
199018,AL,ALABAMA,STATE,MUMPS,2,0.05
199042,AL,ALABAMA,STATE,MUMPS,2,0.05
199046,AL,ALABAMA,STATE,MUMPS,2,0.05
199123,AL,ALABAMA,STATE,MUMPS,2,0.05
199232,AL,ALABAMA,STATE,MUMPS,2,0.05
199306,AL,ALABAMA,STATE,MUMPS,2,0.05
199308,AL,ALABAMA,STATE,MUMPS,2,0.05
199319,AL,ALABAMA,STATE,MUMPS,2,0.05
199321,AL,ALABAMA,STATE,MUMPS,2,0.05
199425,AL,ALABAMA,STATE,MUMPS,2,0.05
199435,AL,ALABAMA,STATE,MUMPS,2,0.05
199448,AL,ALABAMA,STATE,MUMPS,2,0.05
199605,AL,ALABAMA,STATE,MUMPS,2,0.05
199927,AL,ALABAMA,STATE,MUMPS,2,0.05
196833,AL,ALABAMA,STATE,MUMPS,3,0.09
196842,AL,ALABAMA,STATE,MUMPS,3,0.09
196901,AL,ALABAMA,STATE,MUMPS,3,0.09
196906,AL,ALABAMA,STATE,MUMPS,3,0.09
196913,AL,ALABAMA,STATE,MUMPS,3,0.09
196921,AL,ALABAMA,STATE,MUMPS,3,0.09
196929,AL,ALABAMA,STATE,MUMPS,3,0.09
196947,AL,ALABAMA,STATE,MUMPS,3,0.09
197020,AL,ALABAMA,STATE,MUMPS,3,0.09
197034,AL,ALABAMA,STATE,MUMPS,3,0.09
197039,AL,ALABAMA,STATE,MUMPS,3,0.09
197052,AL,ALABAMA,STATE,MUMPS,3,0.09
197143,AL,ALABAMA,STATE,MUMPS,3,0.08
197215,AL,ALABAMA,STATE,MUMPS,3,0.08
